match_id,season,start_date,venue,innings,ball,batting_team,bowling_team,striker,non_striker,bowler,runs_off_bat,extras,wides,noballs,byes,legbyes,penalty,wicket_type,player_dismissed,other_wicket_type,other_player_dismissed
1455611,2025/26,2025-11-21,Perth Stadium,1,0.1,England,Australia,Z Crawley,BM Duckett,MA Starc,0,0,,,,,,,,,
1455611,2025/26,2025-11-21,Perth Stadium,1,0.2,England,Australia,Z Crawley,BM Duckett,MA Starc,0,0,,,,,,,,,
1455611,2025/26,2025-11-21,Perth Stadium,1,0.3,England,Australia,Z Crawley,BM Duckett,MA Starc,0,0,,,,,,,,,
1455611,2025/26,2025-11-21,Perth Stadium,1,0.4,England,Australia,Z Crawley,BM Duckett,MA Starc,0,0,,,,,,,,,
1455611,2025/26,2025-11-21,Perth Stadium,1,0.5,England,Australia,Z Crawley,BM Duckett,MA Starc,0,0,,,,,,,,,
1455611,2025/26,2025-11-21,Perth Stadium,1,0.6,England,Australia,Z Crawley,BM Duckett,MA Starc,0,0,,,,,,caught,Z Crawley,,
1455611,2025/26,2025-11-21,Perth Stadium,1,1.1,England,Australia,BM Duckett,OJ Pope,SM Boland,0,0,,,,,,,,,
1455611,2025/26,2025-11-21,Perth Stadium,1,1.2,England,Australia,BM Duckett,OJ Pope,SM Boland,1,0,,,,,,,,,
1455611,2025/26,2025-11-21,Perth Stadium,1,1.3,England,Australia,OJ Pope,BM Duckett,SM Boland,3,0,,,,,,,,,
1455611,2025/26,2025-11-21,Perth Stadium,1,1.4,England,Australia,BM Duckett,OJ Pope,SM Boland,0,0,,,,,,,,,
1455611,2025/26,2025-11-21,Perth Stadium,1,1.5,England,Australia,BM Duckett,OJ Pope,SM Boland,0,0,,,,,,,,,
1455611,2025/26,2025-11-21,Perth Stadium,1,1.6,England,Australia,BM Duckett,OJ Pope,SM Boland,2,0,,,,,,,,,
1455611,2025/26,2025-11-21,Perth Stadium,1,2.1,England,Australia,OJ Pope,BM Duckett,MA Starc,0,0,,,,,,,,,
1455611,2025/26,2025-11-21,Perth Stadium,1,2.2,England,Australia,OJ Pope,BM Duckett,MA Starc,0,0,,,,,,,,,
1455611,2025/26,2025-11-21,Perth Stadium,1,2.3,England,Australia,OJ Pope,BM Duckett,MA Starc,0,0,,,,,,,,,
1455611,2025/26,2025-11-21,Perth Stadium,1,2.4,England,Australia,OJ Pope,BM Duckett,MA Starc,0,0,,,,,,,,,
1455611,2025/26,2025-11-21,Perth Stadium,1,2.5,England,Australia,OJ Pope,BM Duckett,MA Starc,0,0,,,,,,,,,
1455611,2025/26,2025-11-21,Perth Stadium,1,2.6,England,Australia,OJ Pope,BM Duckett,MA Starc,0,0,,,,,,,,,
1455611,2025/26,2025-11-21,Perth Stadium,1,3.1,England,Australia,BM Duckett,OJ Pope,SM Boland,4,0,,,,,,,,,
1455611,2025/26,2025-11-21,Perth Stadium,1,3.2,England,Australia,BM Duckett,OJ Pope,SM Boland,0,0,,,,,,,,,
1455611,2025/26,2025-11-21,Perth Stadium,1,3.3,England,Australia,BM Duckett,OJ Pope,SM Boland,0,0,,,,,,,,,
1455611,2025/26,2025-11-21,Perth Stadium,1,3.4,England,Australia,BM Duckett,OJ Pope,SM Boland,2,0,,,,,,,,,
1455611,2025/26,2025-11-21,Perth Stadium,1,3.5,England,Australia,BM Duckett,OJ Pope,SM Boland,0,0,,,,,,,,,
1455611,2025/26,2025-11-21,Perth Stadium,1,3.6,England,Australia,BM Duckett,OJ Pope,SM Boland,4,0,,,,,,,,,
1455611,2025/26,2025-11-21,Perth Stadium,1,4.1,England,Australia,OJ Pope,BM Duckett,MA Starc,3,0,,,,,,,,,
1455611,2025/26,2025-11-21,Perth Stadium,1,4.2,England,Australia,BM Duckett,OJ Pope,MA Starc,0,0,,,,,,,,,
1455611,2025/26,2025-11-21,Perth Stadium,1,4.3,England,Australia,BM Duckett,OJ Pope,MA Starc,0,0,,,,,,,,,
1455611,2025/26,2025-11-21,Perth Stadium,1,4.4,England,Australia,BM Duckett,OJ Pope,MA Starc,4,0,,,,,,,,,
1455611,2025/26,2025-11-21,Perth Stadium,1,4.5,England,Australia,BM Duckett,OJ Pope,MA Starc,0,0,,,,,,,,,
1455611,2025/26,2025-11-21,Perth Stadium,1,4.6,England,Australia,BM Duckett,OJ Pope,MA Starc,0,0,,,,,,,,,
1455611,2025/26,2025-11-21,Perth Stadium,1,5.1,England,Australia,OJ Pope,BM Duckett,SM Boland,2,0,,,,,,,,,
1455611,2025/26,2025-11-21,Perth Stadium,1,5.2,England,Australia,OJ Pope,BM Duckett,SM Boland,0,0,,,,,,,,,
1455611,2025/26,2025-11-21,Perth Stadium,1,5.3,England,Australia,OJ Pope,BM Duckett,SM Boland,1,0,,,,,,,,,
1455611,2025/26,2025-11-21,Perth Stadium,1,5.4,England,Australia,BM Duckett,OJ Pope,SM Boland,0,0,,,,,,,,,
1455611,2025/26,2025-11-21,Perth Stadium,1,5.5,England,Australia,BM Duckett,OJ Pope,SM Boland,4,0,,,,,,,,,
1455611,2025/26,2025-11-21,Perth Stadium,1,5.6,England,Australia,BM Duckett,OJ Pope,SM Boland,0,0,,,,,,,,,
1455611,2025/26,2025-11-21,Perth Stadium,1,6.1,England,Australia,OJ Pope,BM Duckett,MA Starc,0,0,,,,,,,,,
1455611,2025/26,2025-11-21,Perth Stadium,1,6.2,England,Australia,OJ Pope,BM Duckett,MA Starc,2,0,,,,,,,,,
1455611,2025/26,2025-11-21,Perth Stadium,1,6.3,England,Australia,OJ Pope,BM Duckett,MA Starc,1,0,,,,,,,,,
1455611,2025/26,2025-11-21,Perth Stadium,1,6.4,England,Australia,BM Duckett,OJ Pope,MA Starc,0,0,,,,,,lbw,BM Duckett,,
1455611,2025/26,2025-11-21,Perth Stadium,1,6.5,England,Australia,JE Root,OJ Pope,MA Starc,0,0,,,,,,,,,
1455611,2025/26,2025-11-21,Perth Stadium,1,6.6,England,Australia,JE Root,OJ Pope,MA Starc,0,0,,,,,,,,,
1455611,2025/26,2025-11-21,Perth Stadium,1,7.1,England,Australia,OJ Pope,JE Root,SM Boland,2,0,,,,,,,,,
1455611,2025/26,2025-11-21,Perth Stadium,1,7.2,England,Australia,OJ Pope,JE Root,SM Boland,0,0,,,,,,,,,
1455611,2025/26,2025-11-21,Perth Stadium,1,7.3,England,Australia,OJ Pope,JE Root,SM Boland,0,0,,,,,,,,,
1455611,2025/26,2025-11-21,Perth Stadium,1,7.4,England,Australia,OJ Pope,JE Root,SM Boland,0,0,,,,,,,,,
1455611,2025/26,2025-11-21,Perth Stadium,1,7.5,England,Australia,OJ Pope,JE Root,SM Boland,4,0,,,,,,,,,
1455611,2025/26,2025-11-21,Perth Stadium,1,7.6,England,Australia,OJ Pope,JE Root,SM Boland,0,0,,,,,,,,,
1455611,2025/26,2025-11-21,Perth Stadium,1,8.1,England,Australia,JE Root,OJ Pope,MA Starc,0,0,,,,,,,,,
1455611,2025/26,2025-11-21,Perth Stadium,1,8.2,England,Australia,JE Root,OJ Pope,MA Starc,0,0,,,,,,,,,
1455611,2025/26,2025-11-21,Perth Stadium,1,8.3,England,Australia,JE Root,OJ Pope,MA Starc,0,0,,,,,,,,,
1455611,2025/26,2025-11-21,Perth Stadium,1,8.4,England,Australia,JE Root,OJ Pope,MA Starc,0,0,,,,,,,,,
1455611,2025/26,2025-11-21,Perth Stadium,1,8.5,England,Australia,JE Root,OJ Pope,MA Starc,0,0,,,,,,caught,JE Root,,
1455611,2025/26,2025-11-21,Perth Stadium,1,8.6,England,Australia,HC Brook,OJ Pope,MA Starc,0,0,,,,,,,,,
1455611,2025/26,2025-11-21,Perth Stadium,1,9.1,England,Australia,OJ Pope,HC Brook,B Doggett,0,0,,,,,,,,,
1455611,2025/26,2025-11-21,Perth Stadium,1,9.2,England,Australia,OJ Pope,HC Brook,B Doggett,0,0,,,,,,,,,
1455611,2025/26,2025-11-21,Perth Stadium,1,9.3,England,Australia,OJ Pope,HC Brook,B Doggett,0,0,,,,,,,,,
1455611,2025/26,2025-11-21,Perth Stadium,1,9.4,England,Australia,OJ Pope,HC Brook,B Doggett,0,0,,,,,,,,,
1455611,2025/26,2025-11-21,Perth Stadium,1,9.5,England,Australia,OJ Pope,HC Brook,B Doggett,0,4,,,,4,,,,,
1455611,2025/26,2025-11-21,Perth Stadium,1,9.6,England,Australia,OJ Pope,HC Brook,B Doggett,0,0,,,,,,,,,
1455611,2025/26,2025-11-21,Perth Stadium,1,10.1,England,Australia,HC Brook,OJ Pope,MA Starc,3,0,,,,,,,,,
1455611,2025/26,2025-11-21,Perth Stadium,1,10.2,England,Australia,OJ Pope,HC Brook,MA Starc,0,0,,,,,,,,,
1455611,2025/26,2025-11-21,Perth Stadium,1,10.3,England,Australia,OJ Pope,HC Brook,MA Starc,0,0,,,,,,,,,
1455611,2025/26,2025-11-21,Perth Stadium,1,10.4,England,Australia,OJ Pope,HC Brook,MA Starc,0,0,,,,,,,,,
1455611,2025/26,2025-11-21,Perth Stadium,1,10.5,England,Australia,OJ Pope,HC Brook,MA Starc,0,0,,,,,,,,,
1455611,2025/26,2025-11-21,Perth Stadium,1,10.6,England,Australia,OJ Pope,HC Brook,MA Starc,4,0,,,,,,,,,
1455611,2025/26,2025-11-21,Perth Stadium,1,11.1,England,Australia,HC Brook,OJ Pope,B Doggett,0,0,,,,,,,,,
1455611,2025/26,2025-11-21,Perth Stadium,1,11.2,England,Australia,HC Brook,OJ Pope,B Doggett,1,0,,,,,,,,,
1455611,2025/26,2025-11-21,Perth Stadium,1,11.3,England,Australia,OJ Pope,HC Brook,B Doggett,0,0,,,,,,,,,
1455611,2025/26,2025-11-21,Perth Stadium,1,11.4,England,Australia,OJ Pope,HC Brook,B Doggett,0,0,,,,,,,,,
1455611,2025/26,2025-11-21,Perth Stadium,1,11.5,England,Australia,OJ Pope,HC Brook,B Doggett,1,0,,,,,,,,,
1455611,2025/26,2025-11-21,Perth Stadium,1,11.6,England,Australia,HC Brook,OJ Pope,B Doggett,4,0,,,,,,,,,
1455611,2025/26,2025-11-21,Perth Stadium,1,12.1,England,Australia,OJ Pope,HC Brook,SM Boland,0,0,,,,,,,,,
1455611,2025/26,2025-11-21,Perth Stadium,1,12.2,England,Australia,OJ Pope,HC Brook,SM Boland,0,0,,,,,,,,,
1455611,2025/26,2025-11-21,Perth Stadium,1,12.3,England,Australia,OJ Pope,HC Brook,SM Boland,0,0,,,,,,,,,
1455611,2025/26,2025-11-21,Perth Stadium,1,12.4,England,Australia,OJ Pope,HC Brook,SM Boland,0,0,,,,,,,,,
1455611,2025/26,2025-11-21,Perth Stadium,1,12.5,England,Australia,OJ Pope,HC Brook,SM Boland,3,0,,,,,,,,,
1455611,2025/26,2025-11-21,Perth Stadium,1,12.6,England,Australia,HC Brook,OJ Pope,SM Boland,0,0,,,,,,,,,
1455611,2025/26,2025-11-21,Perth Stadium,1,13.1,England,Australia,OJ Pope,HC Brook,B Doggett,0,0,,,,,,,,,
1455611,2025/26,2025-11-21,Perth Stadium,1,13.2,England,Australia,OJ Pope,HC Brook,B Doggett,0,0,,,,,,,,,
1455611,2025/26,2025-11-21,Perth Stadium,1,13.3,England,Australia,OJ Pope,HC Brook,B Doggett,4,0,,,,,,,,,
1455611,2025/26,2025-11-21,Perth Stadium,1,13.4,England,Australia,OJ Pope,HC Brook,B Doggett,0,0,,,,,,,,,
1455611,2025/26,2025-11-21,Perth Stadium,1,13.5,England,Australia,OJ Pope,HC Brook,B Doggett,3,0,,,,,,,,,
1455611,2025/26,2025-11-21,Perth Stadium,1,13.6,England,Australia,HC Brook,OJ Pope,B Doggett,0,0,,,,,,,,,
1455611,2025/26,2025-11-21,Perth Stadium,1,14.1,England,Australia,OJ Pope,HC Brook,SM Boland,1,0,,,,,,,,,
1455611,2025/26,2025-11-21,Perth Stadium,1,14.2,England,Australia,HC Brook,OJ Pope,SM Boland,0,0,,,,,,,,,
1455611,2025/26,2025-11-21,Perth Stadium,1,14.3,England,Australia,HC Brook,OJ Pope,SM Boland,0,0,,,,,,,,,
1455611,2025/26,2025-11-21,Perth Stadium,1,14.4,England,Australia,HC Brook,OJ Pope,SM Boland,0,0,,,,,,,,,
1455611,2025/26,2025-11-21,Perth Stadium,1,14.5,England,Australia,HC Brook,OJ Pope,SM Boland,4,0,,,,,,,,,
1455611,2025/26,2025-11-21,Perth Stadium,1,14.6,England,Australia,HC Brook,OJ Pope,SM Boland,0,0,,,,,,,,,
1455611,2025/26,2025-11-21,Perth Stadium,1,15.1,England,Australia,OJ Pope,HC Brook,B Doggett,1,0,,,,,,,,,
1455611,2025/26,2025-11-21,Perth Stadium,1,15.2,England,Australia,HC Brook,OJ Pope,B Doggett,1,0,,,,,,,,,
1455611,2025/26,2025-11-21,Perth Stadium,1,15.3,England,Australia,OJ Pope,HC Brook,B Doggett,0,0,,,,,,,,,
1455611,2025/26,2025-11-21,Perth Stadium,1,15.4,England,Australia,OJ Pope,HC Brook,B Doggett,1,0,,,,,,,,,
1455611,2025/26,2025-11-21,Perth Stadium,1,15.5,England,Australia,HC Brook,OJ Pope,B Doggett,0,1,,,,1,,,,,
1455611,2025/26,2025-11-21,Perth Stadium,1,15.6,England,Australia,OJ Pope,HC Brook,B Doggett,0,0,,,,,,,,,
1455611,2025/26,2025-11-21,Perth Stadium,1,16.1,England,Australia,HC Brook,OJ Pope,SM Boland,0,0,,,,,,,,,
1455611,2025/26,2025-11-21,Perth Stadium,1,16.2,England,Australia,HC Brook,OJ Pope,SM Boland,0,0,,,,,,,,,
1455611,2025/26,2025-11-21,Perth Stadium,1,16.3,England,Australia,HC Brook,OJ Pope,SM Boland,0,0,,,,,,,,,
1455611,2025/26,2025-11-21,Perth Stadium,1,16.4,England,Australia,HC Brook,OJ Pope,SM Boland,0,1,,1,,,,,,,
1455611,2025/26,2025-11-21,Perth Stadium,1,16.5,England,Australia,HC Brook,OJ Pope,SM Boland,0,0,,,,,,,,,
1455611,2025/26,2025-11-21,Perth Stadium,1,16.6,England,Australia,HC Brook,OJ Pope,SM Boland,0,0,,,,,,,,,
1455611,2025/26,2025-11-21,Perth Stadium,1,16.7,England,Australia,HC Brook,OJ Pope,SM Boland,1,0,,,,,,,,,
1455611,2025/26,2025-11-21,Perth Stadium,1,17.1,England,Australia,HC Brook,OJ Pope,B Doggett,0,0,,,,,,,,,
1455611,2025/26,2025-11-21,Perth Stadium,1,17.2,England,Australia,HC Brook,OJ Pope,B Doggett,0,0,,,,,,,,,
1455611,2025/26,2025-11-21,Perth Stadium,1,17.3,England,Australia,HC Brook,OJ Pope,B Doggett,1,0,,,,,,,,,
1455611,2025/26,2025-11-21,Perth Stadium,1,17.4,England,Australia,OJ Pope,HC Brook,B Doggett,0,0,,,,,,,,,
1455611,2025/26,2025-11-21,Perth Stadium,1,17.5,England,Australia,OJ Pope,HC Brook,B Doggett,0,0,,,,,,,,,
1455611,2025/26,2025-11-21,Perth Stadium,1,17.6,England,Australia,OJ Pope,HC Brook,B Doggett,0,0,,,,,,,,,
1455611,2025/26,2025-11-21,Perth Stadium,1,18.1,England,Australia,HC Brook,OJ Pope,NM Lyon,0,0,,,,,,,,,
1455611,2025/26,2025-11-21,Perth Stadium,1,18.2,England,Australia,HC Brook,OJ Pope,NM Lyon,1,0,,,,,,,,,
1455611,2025/26,2025-11-21,Perth Stadium,1,18.3,England,Australia,OJ Pope,HC Brook,NM Lyon,1,0,,,,,,,,,
1455611,2025/26,2025-11-21,Perth Stadium,1,18.4,England,Australia,HC Brook,OJ Pope,NM Lyon,2,0,,,,,,,,,
1455611,2025/26,2025-11-21,Perth Stadium,1,18.5,England,Australia,HC Brook,OJ Pope,NM Lyon,1,0,,,,,,,,,
1455611,2025/26,2025-11-21,Perth Stadium,1,18.6,England,Australia,OJ Pope,HC Brook,NM Lyon,1,0,,,,,,,,,
1455611,2025/26,2025-11-21,Perth Stadium,1,19.1,England,Australia,OJ Pope,HC Brook,C Green,1,0,,,,,,,,,
1455611,2025/26,2025-11-21,Perth Stadium,1,19.2,England,Australia,HC Brook,OJ Pope,C Green,1,0,,,,,,,,,
1455611,2025/26,2025-11-21,Perth Stadium,1,19.3,England,Australia,OJ Pope,HC Brook,C Green,4,0,,,,,,,,,
1455611,2025/26,2025-11-21,Perth Stadium,1,19.4,England,Australia,OJ Pope,HC Brook,C Green,3,0,,,,,,,,,
1455611,2025/26,2025-11-21,Perth Stadium,1,19.5,England,Australia,HC Brook,OJ Pope,C Green,1,0,,,,,,,,,
1455611,2025/26,2025-11-21,Perth Stadium,1,19.6,England,Australia,OJ Pope,HC Brook,C Green,0,0,,,,,,lbw,OJ Pope,,
1455611,2025/26,2025-11-21,Perth Stadium,1,20.1,England,Australia,HC Brook,BA Stokes,MA Starc,0,0,,,,,,,,,
1455611,2025/26,2025-11-21,Perth Stadium,1,20.2,England,Australia,HC Brook,BA Stokes,MA Starc,0,0,,,,,,,,,
1455611,2025/26,2025-11-21,Perth Stadium,1,20.3,England,Australia,HC Brook,BA Stokes,MA Starc,0,0,,,,,,,,,
1455611,2025/26,2025-11-21,Perth Stadium,1,20.4,England,Australia,HC Brook,BA Stokes,MA Starc,0,0,,,,,,,,,
1455611,2025/26,2025-11-21,Perth Stadium,1,20.5,England,Australia,HC Brook,BA Stokes,MA Starc,0,0,,,,,,,,,
1455611,2025/26,2025-11-21,Perth Stadium,1,20.6,England,Australia,HC Brook,BA Stokes,MA Starc,0,0,,,,,,,,,
1455611,2025/26,2025-11-21,Perth Stadium,1,21.1,England,Australia,BA Stokes,HC Brook,NM Lyon,0,0,,,,,,,,,
1455611,2025/26,2025-11-21,Perth Stadium,1,21.2,England,Australia,BA Stokes,HC Brook,NM Lyon,1,0,,,,,,,,,
1455611,2025/26,2025-11-21,Perth Stadium,1,21.3,England,Australia,HC Brook,BA Stokes,NM Lyon,1,0,,,,,,,,,
1455611,2025/26,2025-11-21,Perth Stadium,1,21.4,England,Australia,BA Stokes,HC Brook,NM Lyon,1,0,,,,,,,,,
1455611,2025/26,2025-11-21,Perth Stadium,1,21.5,England,Australia,HC Brook,BA Stokes,NM Lyon,0,0,,,,,,,,,
1455611,2025/26,2025-11-21,Perth Stadium,1,21.6,England,Australia,HC Brook,BA Stokes,NM Lyon,1,0,,,,,,,,,
1455611,2025/26,2025-11-21,Perth Stadium,1,22.1,England,Australia,HC Brook,BA Stokes,MA Starc,4,0,,,,,,,,,
1455611,2025/26,2025-11-21,Perth Stadium,1,22.2,England,Australia,HC Brook,BA Stokes,MA Starc,1,0,,,,,,,,,
1455611,2025/26,2025-11-21,Perth Stadium,1,22.3,England,Australia,BA Stokes,HC Brook,MA Starc,0,0,,,,,,,,,
1455611,2025/26,2025-11-21,Perth Stadium,1,22.4,England,Australia,BA Stokes,HC Brook,MA Starc,0,0,,,,,,,,,
1455611,2025/26,2025-11-21,Perth Stadium,1,22.5,England,Australia,BA Stokes,HC Brook,MA Starc,2,0,,,,,,,,,
1455611,2025/26,2025-11-21,Perth Stadium,1,22.6,England,Australia,BA Stokes,HC Brook,MA Starc,0,0,,,,,,,,,
1455611,2025/26,2025-11-21,Perth Stadium,1,23.1,England,Australia,HC Brook,BA Stokes,SM Boland,0,0,,,,,,,,,
1455611,2025/26,2025-11-21,Perth Stadium,1,23.2,England,Australia,HC Brook,BA Stokes,SM Boland,6,0,,,,,,,,,
1455611,2025/26,2025-11-21,Perth Stadium,1,23.3,England,Australia,HC Brook,BA Stokes,SM Boland,2,0,,,,,,,,,
1455611,2025/26,2025-11-21,Perth Stadium,1,23.4,England,Australia,HC Brook,BA Stokes,SM Boland,0,0,,,,,,,,,
1455611,2025/26,2025-11-21,Perth Stadium,1,23.5,England,Australia,HC Brook,BA Stokes,SM Boland,0,0,,,,,,,,,
1455611,2025/26,2025-11-21,Perth Stadium,1,23.6,England,Australia,HC Brook,BA Stokes,SM Boland,0,0,,,,,,,,,
1455611,2025/26,2025-11-21,Perth Stadium,1,24.1,England,Australia,BA Stokes,HC Brook,MA Starc,2,0,,,,,,,,,
1455611,2025/26,2025-11-21,Perth Stadium,1,24.2,England,Australia,BA Stokes,HC Brook,MA Starc,0,0,,,,,,,,,
1455611,2025/26,2025-11-21,Perth Stadium,1,24.3,England,Australia,BA Stokes,HC Brook,MA Starc,0,0,,,,,,,,,
1455611,2025/26,2025-11-21,Perth Stadium,1,24.4,England,Australia,BA Stokes,HC Brook,MA Starc,0,0,,,,,,,,,
1455611,2025/26,2025-11-21,Perth Stadium,1,24.5,England,Australia,BA Stokes,HC Brook,MA Starc,0,0,,,,,,bowled,BA Stokes,,
1455611,2025/26,2025-11-21,Perth Stadium,1,24.6,England,Australia,JL Smith,HC Brook,MA Starc,0,0,,,,,,,,,
1455611,2025/26,2025-11-21,Perth Stadium,1,25.1,England,Australia,HC Brook,JL Smith,SM Boland,1,0,,,,,,,,,
1455611,2025/26,2025-11-21,Perth Stadium,1,25.2,England,Australia,JL Smith,HC Brook,SM Boland,0,1,,1,,,,,,,
1455611,2025/26,2025-11-21,Perth Stadium,1,25.3,England,Australia,JL Smith,HC Brook,SM Boland,0,0,,,,,,,,,
1455611,2025/26,2025-11-21,Perth Stadium,1,25.4,England,Australia,JL Smith,HC Brook,SM Boland,0,0,,,,,,,,,
1455611,2025/26,2025-11-21,Perth Stadium,1,25.5,England,Australia,JL Smith,HC Brook,SM Boland,0,0,,,,,,,,,
1455611,2025/26,2025-11-21,Perth Stadium,1,25.6,England,Australia,JL Smith,HC Brook,SM Boland,0,0,,,,,,,,,
1455611,2025/26,2025-11-21,Perth Stadium,1,25.7,England,Australia,JL Smith,HC Brook,SM Boland,4,0,,,,,,,,,
1455611,2025/26,2025-11-21,Perth Stadium,1,26.1,England,Australia,HC Brook,JL Smith,MA Starc,0,0,,,,,,,,,
1455611,2025/26,2025-11-21,Perth Stadium,1,26.2,England,Australia,HC Brook,JL Smith,MA Starc,4,0,,,,,,,,,
1455611,2025/26,2025-11-21,Perth Stadium,1,26.3,England,Australia,HC Brook,JL Smith,MA Starc,4,0,,,,,,,,,
1455611,2025/26,2025-11-21,Perth Stadium,1,26.4,England,Australia,HC Brook,JL Smith,MA Starc,0,0,,,,,,,,,
1455611,2025/26,2025-11-21,Perth Stadium,1,26.5,England,Australia,HC Brook,JL Smith,MA Starc,0,0,,,,,,,,,
1455611,2025/26,2025-11-21,Perth Stadium,1,26.6,England,Australia,HC Brook,JL Smith,MA Starc,0,0,,,,,,,,,
1455611,2025/26,2025-11-21,Perth Stadium,1,27.1,England,Australia,JL Smith,HC Brook,SM Boland,4,0,,,,,,,,,
1455611,2025/26,2025-11-21,Perth Stadium,1,27.2,England,Australia,JL Smith,HC Brook,SM Boland,0,0,,,,,,,,,
1455611,2025/26,2025-11-21,Perth Stadium,1,27.3,England,Australia,JL Smith,HC Brook,SM Boland,1,0,,,,,,,,,
1455611,2025/26,2025-11-21,Perth Stadium,1,27.4,England,Australia,HC Brook,JL Smith,SM Boland,0,0,,,,,,,,,
1455611,2025/26,2025-11-21,Perth Stadium,1,27.5,England,Australia,HC Brook,JL Smith,SM Boland,4,0,,,,,,,,,
1455611,2025/26,2025-11-21,Perth Stadium,1,27.6,England,Australia,HC Brook,JL Smith,SM Boland,0,0,,,,,,,,,
1455611,2025/26,2025-11-21,Perth Stadium,1,28.1,England,Australia,JL Smith,HC Brook,MA Starc,0,0,,,,,,,,,
1455611,2025/26,2025-11-21,Perth Stadium,1,28.2,England,Australia,JL Smith,HC Brook,MA Starc,4,0,,,,,,,,,
1455611,2025/26,2025-11-21,Perth Stadium,1,28.3,England,Australia,JL Smith,HC Brook,MA Starc,4,0,,,,,,,,,
1455611,2025/26,2025-11-21,Perth Stadium,1,28.4,England,Australia,JL Smith,HC Brook,MA Starc,1,0,,,,,,,,,
1455611,2025/26,2025-11-21,Perth Stadium,1,28.5,England,Australia,HC Brook,JL Smith,MA Starc,1,0,,,,,,,,,
1455611,2025/26,2025-11-21,Perth Stadium,1,28.6,England,Australia,JL Smith,HC Brook,MA Starc,4,0,,,,,,,,,
1455611,2025/26,2025-11-21,Perth Stadium,1,29.1,England,Australia,HC Brook,JL Smith,B Doggett,1,0,,,,,,,,,
1455611,2025/26,2025-11-21,Perth Stadium,1,29.2,England,Australia,JL Smith,HC Brook,B Doggett,3,0,,,,,,,,,
1455611,2025/26,2025-11-21,Perth Stadium,1,29.3,England,Australia,HC Brook,JL Smith,B Doggett,1,0,,,,,,,,,
1455611,2025/26,2025-11-21,Perth Stadium,1,29.4,England,Australia,JL Smith,HC Brook,B Doggett,3,0,,,,,,,,,
1455611,2025/26,2025-11-21,Perth Stadium,1,29.5,England,Australia,HC Brook,JL Smith,B Doggett,0,0,,,,,,caught,HC Brook,,
1455611,2025/26,2025-11-21,Perth Stadium,1,29.6,England,Australia,AAP Atkinson,JL Smith,B Doggett,1,0,,,,,,,,,
1455611,2025/26,2025-11-21,Perth Stadium,1,30.1,England,Australia,AAP Atkinson,JL Smith,MA Starc,0,0,,,,,,caught,AAP Atkinson,,
1455611,2025/26,2025-11-21,Perth Stadium,1,30.2,England,Australia,BA Carse,JL Smith,MA Starc,4,0,,,,,,,,,
1455611,2025/26,2025-11-21,Perth Stadium,1,30.3,England,Australia,BA Carse,JL Smith,MA Starc,0,0,,,,,,,,,
1455611,2025/26,2025-11-21,Perth Stadium,1,30.4,England,Australia,BA Carse,JL Smith,MA Starc,0,0,,,,,,,,,
1455611,2025/26,2025-11-21,Perth Stadium,1,30.5,England,Australia,BA Carse,JL Smith,MA Starc,0,0,,,,,,,,,
1455611,2025/26,2025-11-21,Perth Stadium,1,30.6,England,Australia,BA Carse,JL Smith,MA Starc,2,0,,,,,,,,,
1455611,2025/26,2025-11-21,Perth Stadium,1,31.1,England,Australia,JL Smith,BA Carse,B Doggett,1,0,,,,,,,,,
1455611,2025/26,2025-11-21,Perth Stadium,1,31.2,England,Australia,BA Carse,JL Smith,B Doggett,0,0,,,,,,,,,
1455611,2025/26,2025-11-21,Perth Stadium,1,31.3,England,Australia,BA Carse,JL Smith,B Doggett,0,0,,,,,,,,,
1455611,2025/26,2025-11-21,Perth Stadium,1,31.4,England,Australia,BA Carse,JL Smith,B Doggett,0,0,,,,,,,,,
1455611,2025/26,2025-11-21,Perth Stadium,1,31.5,England,Australia,BA Carse,JL Smith,B Doggett,0,0,,,,,,caught,BA Carse,,
1455611,2025/26,2025-11-21,Perth Stadium,1,31.6,England,Australia,JC Archer,JL Smith,B Doggett,0,0,,,,,,,,,
1455611,2025/26,2025-11-21,Perth Stadium,1,32.1,England,Australia,JL Smith,JC Archer,MA Starc,4,0,,,,,,,,,
1455611,2025/26,2025-11-21,Perth Stadium,1,32.2,England,Australia,JL Smith,JC Archer,MA Starc,0,0,,,,,,,,,
1455611,2025/26,2025-11-21,Perth Stadium,1,32.3,England,Australia,JL Smith,JC Archer,MA Starc,0,0,,,,,,,,,
1455611,2025/26,2025-11-21,Perth Stadium,1,32.4,England,Australia,JL Smith,JC Archer,MA Starc,0,0,,,,,,caught,JL Smith,,
1455611,2025/26,2025-11-21,Perth Stadium,1,32.5,England,Australia,MA Wood,JC Archer,MA Starc,0,0,,,,,,caught,MA Wood,,
1455611,2025/26,2025-11-21,Perth Stadium,2,0.1,Australia,England,J Weatherald,M Labuschagne,JC Archer,0,0,,,,,,,,,
1455611,2025/26,2025-11-21,Perth Stadium,2,0.2,Australia,England,J Weatherald,M Labuschagne,JC Archer,0,0,,,,,,lbw,J Weatherald,,
1455611,2025/26,2025-11-21,Perth Stadium,2,0.3,Australia,England,SPD Smith,M Labuschagne,JC Archer,0,0,,,,,,,,,
1455611,2025/26,2025-11-21,Perth Stadium,2,0.4,Australia,England,SPD Smith,M Labuschagne,JC Archer,0,0,,,,,,,,,
1455611,2025/26,2025-11-21,Perth Stadium,2,0.5,Australia,England,SPD Smith,M Labuschagne,JC Archer,0,0,,,,,,,,,
1455611,2025/26,2025-11-21,Perth Stadium,2,0.6,Australia,England,SPD Smith,M Labuschagne,JC Archer,0,0,,,,,,,,,
1455611,2025/26,2025-11-21,Perth Stadium,2,1.1,Australia,England,M Labuschagne,SPD Smith,AAP Atkinson,0,0,,,,,,,,,
1455611,2025/26,2025-11-21,Perth Stadium,2,1.2,Australia,England,M Labuschagne,SPD Smith,AAP Atkinson,0,0,,,,,,,,,
1455611,2025/26,2025-11-21,Perth Stadium,2,1.3,Australia,England,M Labuschagne,SPD Smith,AAP Atkinson,0,0,,,,,,,,,
1455611,2025/26,2025-11-21,Perth Stadium,2,1.4,Australia,England,M Labuschagne,SPD Smith,AAP Atkinson,0,0,,,,,,,,,
1455611,2025/26,2025-11-21,Perth Stadium,2,1.5,Australia,England,M Labuschagne,SPD Smith,AAP Atkinson,0,0,,,,,,,,,
1455611,2025/26,2025-11-21,Perth Stadium,2,1.6,Australia,England,M Labuschagne,SPD Smith,AAP Atkinson,0,0,,,,,,,,,
1455611,2025/26,2025-11-21,Perth Stadium,2,2.1,Australia,England,SPD Smith,M Labuschagne,JC Archer,0,0,,,,,,,,,
1455611,2025/26,2025-11-21,Perth Stadium,2,2.2,Australia,England,SPD Smith,M Labuschagne,JC Archer,0,0,,,,,,,,,
1455611,2025/26,2025-11-21,Perth Stadium,2,2.3,Australia,England,SPD Smith,M Labuschagne,JC Archer,0,0,,,,,,,,,
1455611,2025/26,2025-11-21,Perth Stadium,2,2.4,Australia,England,SPD Smith,M Labuschagne,JC Archer,0,0,,,,,,,,,
1455611,2025/26,2025-11-21,Perth Stadium,2,2.5,Australia,England,SPD Smith,M Labuschagne,JC Archer,0,0,,,,,,,,,
1455611,2025/26,2025-11-21,Perth Stadium,2,2.6,Australia,England,SPD Smith,M Labuschagne,JC Archer,0,0,,,,,,,,,
1455611,2025/26,2025-11-21,Perth Stadium,2,3.1,Australia,England,M Labuschagne,SPD Smith,AAP Atkinson,0,0,,,,,,,,,
1455611,2025/26,2025-11-21,Perth Stadium,2,3.2,Australia,England,M Labuschagne,SPD Smith,AAP Atkinson,0,0,,,,,,,,,
1455611,2025/26,2025-11-21,Perth Stadium,2,3.3,Australia,England,M Labuschagne,SPD Smith,AAP Atkinson,0,0,,,,,,,,,
1455611,2025/26,2025-11-21,Perth Stadium,2,3.4,Australia,England,M Labuschagne,SPD Smith,AAP Atkinson,0,0,,,,,,,,,
1455611,2025/26,2025-11-21,Perth Stadium,2,3.5,Australia,England,M Labuschagne,SPD Smith,AAP Atkinson,0,0,,,,,,,,,
1455611,2025/26,2025-11-21,Perth Stadium,2,3.6,Australia,England,M Labuschagne,SPD Smith,AAP Atkinson,0,0,,,,,,,,,
1455611,2025/26,2025-11-21,Perth Stadium,2,4.1,Australia,England,SPD Smith,M Labuschagne,JC Archer,0,0,,,,,,,,,
1455611,2025/26,2025-11-21,Perth Stadium,2,4.2,Australia,England,SPD Smith,M Labuschagne,JC Archer,0,0,,,,,,,,,
1455611,2025/26,2025-11-21,Perth Stadium,2,4.3,Australia,England,SPD Smith,M Labuschagne,JC Archer,0,0,,,,,,,,,
1455611,2025/26,2025-11-21,Perth Stadium,2,4.4,Australia,England,SPD Smith,M Labuschagne,JC Archer,1,0,,,,,,,,,
1455611,2025/26,2025-11-21,Perth Stadium,2,4.5,Australia,England,M Labuschagne,SPD Smith,JC Archer,0,0,,,,,,,,,
1455611,2025/26,2025-11-21,Perth Stadium,2,4.6,Australia,England,M Labuschagne,SPD Smith,JC Archer,4,0,,,,,,,,,
1455611,2025/26,2025-11-21,Perth Stadium,2,5.1,Australia,England,SPD Smith,M Labuschagne,AAP Atkinson,0,0,,,,,,,,,
1455611,2025/26,2025-11-21,Perth Stadium,2,5.2,Australia,England,SPD Smith,M Labuschagne,AAP Atkinson,0,0,,,,,,,,,
1455611,2025/26,2025-11-21,Perth Stadium,2,5.3,Australia,England,SPD Smith,M Labuschagne,AAP Atkinson,0,0,,,,,,,,,
1455611,2025/26,2025-11-21,Perth Stadium,2,5.4,Australia,England,SPD Smith,M Labuschagne,AAP Atkinson,0,0,,,,,,,,,
1455611,2025/26,2025-11-21,Perth Stadium,2,5.5,Australia,England,SPD Smith,M Labuschagne,AAP Atkinson,0,0,,,,,,,,,
1455611,2025/26,2025-11-21,Perth Stadium,2,5.6,Australia,England,SPD Smith,M Labuschagne,AAP Atkinson,0,1,,,,1,,,,,
1455611,2025/26,2025-11-21,Perth Stadium,2,6.1,Australia,England,SPD Smith,M Labuschagne,MA Wood,1,0,,,,,,,,,
1455611,2025/26,2025-11-21,Perth Stadium,2,6.2,Australia,England,M Labuschagne,SPD Smith,MA Wood,0,0,,,,,,,,,
1455611,2025/26,2025-11-21,Perth Stadium,2,6.3,Australia,England,M Labuschagne,SPD Smith,MA Wood,0,0,,,,,,,,,
1455611,2025/26,2025-11-21,Perth Stadium,2,6.4,Australia,England,M Labuschagne,SPD Smith,MA Wood,0,0,,,,,,,,,
1455611,2025/26,2025-11-21,Perth Stadium,2,6.5,Australia,England,M Labuschagne,SPD Smith,MA Wood,0,0,,,,,,,,,
1455611,2025/26,2025-11-21,Perth Stadium,2,6.6,Australia,England,M Labuschagne,SPD Smith,MA Wood,0,0,,,,,,,,,
1455611,2025/26,2025-11-21,Perth Stadium,2,7.1,Australia,England,SPD Smith,M Labuschagne,AAP Atkinson,1,0,,,,,,,,,
1455611,2025/26,2025-11-21,Perth Stadium,2,7.2,Australia,England,M Labuschagne,SPD Smith,AAP Atkinson,0,0,,,,,,,,,
1455611,2025/26,2025-11-21,Perth Stadium,2,7.3,Australia,England,M Labuschagne,SPD Smith,AAP Atkinson,0,0,,,,,,,,,
1455611,2025/26,2025-11-21,Perth Stadium,2,7.4,Australia,England,M Labuschagne,SPD Smith,AAP Atkinson,0,0,,,,,,,,,
1455611,2025/26,2025-11-21,Perth Stadium,2,7.5,Australia,England,M Labuschagne,SPD Smith,AAP Atkinson,0,0,,,,,,,,,
1455611,2025/26,2025-11-21,Perth Stadium,2,7.6,Australia,England,M Labuschagne,SPD Smith,AAP Atkinson,1,0,,,,,,,,,
1455611,2025/26,2025-11-21,Perth Stadium,2,8.1,Australia,England,M Labuschagne,SPD Smith,MA Wood,1,0,,,,,,,,,
1455611,2025/26,2025-11-21,Perth Stadium,2,8.2,Australia,England,SPD Smith,M Labuschagne,MA Wood,0,0,,,,,,,,,
1455611,2025/26,2025-11-21,Perth Stadium,2,8.3,Australia,England,SPD Smith,M Labuschagne,MA Wood,1,0,,,,,,,,,
1455611,2025/26,2025-11-21,Perth Stadium,2,8.4,Australia,England,M Labuschagne,SPD Smith,MA Wood,0,0,,,,,,,,,
1455611,2025/26,2025-11-21,Perth Stadium,2,8.5,Australia,England,M Labuschagne,SPD Smith,MA Wood,0,0,,,,,,,,,
1455611,2025/26,2025-11-21,Perth Stadium,2,8.6,Australia,England,M Labuschagne,SPD Smith,MA Wood,0,1,,1,,,,,,,
1455611,2025/26,2025-11-21,Perth Stadium,2,8.7,Australia,England,M Labuschagne,SPD Smith,MA Wood,0,0,,,,,,,,,
1455611,2025/26,2025-11-21,Perth Stadium,2,9.1,Australia,England,SPD Smith,M Labuschagne,BA Carse,0,0,,,,,,,,,
1455611,2025/26,2025-11-21,Perth Stadium,2,9.2,Australia,England,SPD Smith,M Labuschagne,BA Carse,3,0,,,,,,,,,
1455611,2025/26,2025-11-21,Perth Stadium,2,9.3,Australia,England,M Labuschagne,SPD Smith,BA Carse,0,0,,,,,,,,,
1455611,2025/26,2025-11-21,Perth Stadium,2,9.4,Australia,England,M Labuschagne,SPD Smith,BA Carse,0,0,,,,,,,,,
1455611,2025/26,2025-11-21,Perth Stadium,2,9.5,Australia,England,M Labuschagne,SPD Smith,BA Carse,0,0,,,,,,,,,
1455611,2025/26,2025-11-21,Perth Stadium,2,9.6,Australia,England,M Labuschagne,SPD Smith,BA Carse,0,0,,,,,,,,,
1455611,2025/26,2025-11-21,Perth Stadium,2,10.1,Australia,England,SPD Smith,M Labuschagne,JC Archer,0,0,,,,,,,,,
1455611,2025/26,2025-11-21,Perth Stadium,2,10.2,Australia,England,SPD Smith,M Labuschagne,JC Archer,0,0,,,,,,,,,
1455611,2025/26,2025-11-21,Perth Stadium,2,10.3,Australia,England,SPD Smith,M Labuschagne,JC Archer,0,0,,,,,,,,,
1455611,2025/26,2025-11-21,Perth Stadium,2,10.4,Australia,England,SPD Smith,M Labuschagne,JC Archer,0,0,,,,,,,,,
1455611,2025/26,2025-11-21,Perth Stadium,2,10.5,Australia,England,SPD Smith,M Labuschagne,JC Archer,0,0,,,,,,,,,
1455611,2025/26,2025-11-21,Perth Stadium,2,10.6,Australia,England,SPD Smith,M Labuschagne,JC Archer,0,0,,,,,,,,,
1455611,2025/26,2025-11-21,Perth Stadium,2,11.1,Australia,England,M Labuschagne,SPD Smith,BA Carse,3,0,,,,,,,,,
1455611,2025/26,2025-11-21,Perth Stadium,2,11.2,Australia,England,SPD Smith,M Labuschagne,BA Carse,0,0,,,,,,,,,
1455611,2025/26,2025-11-21,Perth Stadium,2,11.3,Australia,England,SPD Smith,M Labuschagne,BA Carse,0,0,,,,,,,,,
1455611,2025/26,2025-11-21,Perth Stadium,2,11.4,Australia,England,SPD Smith,M Labuschagne,BA Carse,1,0,,,,,,,,,
1455611,2025/26,2025-11-21,Perth Stadium,2,11.5,Australia,England,M Labuschagne,SPD Smith,BA Carse,0,0,,,,,,,,,
1455611,2025/26,2025-11-21,Perth Stadium,2,11.6,Australia,England,M Labuschagne,SPD Smith,BA Carse,0,0,,,,,,,,,
1455611,2025/26,2025-11-21,Perth Stadium,2,12.1,Australia,England,SPD Smith,M Labuschagne,JC Archer,0,0,,,,,,,,,
1455611,2025/26,2025-11-21,Perth Stadium,2,12.2,Australia,England,SPD Smith,M Labuschagne,JC Archer,0,0,,,,,,,,,
1455611,2025/26,2025-11-21,Perth Stadium,2,12.3,Australia,England,SPD Smith,M Labuschagne,JC Archer,1,0,,,,,,,,,
1455611,2025/26,2025-11-21,Perth Stadium,2,12.4,Australia,England,M Labuschagne,SPD Smith,JC Archer,0,0,,,,,,,,,
1455611,2025/26,2025-11-21,Perth Stadium,2,12.5,Australia,England,M Labuschagne,SPD Smith,JC Archer,0,0,,,,,,,,,
1455611,2025/26,2025-11-21,Perth Stadium,2,12.6,Australia,England,M Labuschagne,SPD Smith,JC Archer,0,0,,,,,,,,,
1455611,2025/26,2025-11-21,Perth Stadium,2,13.1,Australia,England,SPD Smith,M Labuschagne,BA Carse,4,0,,,,,,,,,
1455611,2025/26,2025-11-21,Perth Stadium,2,13.2,Australia,England,SPD Smith,M Labuschagne,BA Carse,0,0,,,,,,,,,
1455611,2025/26,2025-11-21,Perth Stadium,2,13.3,Australia,England,SPD Smith,M Labuschagne,BA Carse,4,0,,,,,,,,,
1455611,2025/26,2025-11-21,Perth Stadium,2,13.4,Australia,England,SPD Smith,M Labuschagne,BA Carse,0,0,,,,,,,,,
1455611,2025/26,2025-11-21,Perth Stadium,2,13.5,Australia,England,SPD Smith,M Labuschagne,BA Carse,0,0,,,,,,,,,
1455611,2025/26,2025-11-21,Perth Stadium,2,13.6,Australia,England,SPD Smith,M Labuschagne,BA Carse,0,0,,,,,,,,,
1455611,2025/26,2025-11-21,Perth Stadium,2,14.1,Australia,England,M Labuschagne,SPD Smith,JC Archer,0,0,,,,,,,,,
1455611,2025/26,2025-11-21,Perth Stadium,2,14.2,Australia,England,M Labuschagne,SPD Smith,JC Archer,0,0,,,,,,bowled,M Labuschagne,,
1455611,2025/26,2025-11-21,Perth Stadium,2,14.3,Australia,England,UT Khawaja,SPD Smith,JC Archer,0,0,,,,,,,,,
1455611,2025/26,2025-11-21,Perth Stadium,2,14.4,Australia,England,UT Khawaja,SPD Smith,JC Archer,1,0,,,,,,,,,
1455611,2025/26,2025-11-21,Perth Stadium,2,14.5,Australia,England,SPD Smith,UT Khawaja,JC Archer,0,0,,,,,,,,,
1455611,2025/26,2025-11-21,Perth Stadium,2,14.6,Australia,England,SPD Smith,UT Khawaja,JC Archer,0,0,,,,,,,,,
1455611,2025/26,2025-11-21,Perth Stadium,2,15.1,Australia,England,UT Khawaja,SPD Smith,BA Carse,0,0,,,,,,,,,
1455611,2025/26,2025-11-21,Perth Stadium,2,15.2,Australia,England,UT Khawaja,SPD Smith,BA Carse,1,0,,,,,,,,,
1455611,2025/26,2025-11-21,Perth Stadium,2,15.3,Australia,England,SPD Smith,UT Khawaja,BA Carse,0,0,,,,,,,,,
1455611,2025/26,2025-11-21,Perth Stadium,2,15.4,Australia,England,SPD Smith,UT Khawaja,BA Carse,0,0,,,,,,,,,
1455611,2025/26,2025-11-21,Perth Stadium,2,15.5,Australia,England,SPD Smith,UT Khawaja,BA Carse,0,0,,,,,,caught,SPD Smith,,
1455611,2025/26,2025-11-21,Perth Stadium,2,15.6,Australia,England,TM Head,UT Khawaja,BA Carse,1,0,,,,,,,,,
1455611,2025/26,2025-11-21,Perth Stadium,2,16.1,Australia,England,TM Head,UT Khawaja,JC Archer,0,0,,,,,,,,,
1455611,2025/26,2025-11-21,Perth Stadium,2,16.2,Australia,England,TM Head,UT Khawaja,JC Archer,0,0,,,,,,,,,
1455611,2025/26,2025-11-21,Perth Stadium,2,16.3,Australia,England,TM Head,UT Khawaja,JC Archer,0,0,,,,,,,,,
1455611,2025/26,2025-11-21,Perth Stadium,2,16.4,Australia,England,TM Head,UT Khawaja,JC Archer,0,0,,,,,,,,,
1455611,2025/26,2025-11-21,Perth Stadium,2,16.5,Australia,England,TM Head,UT Khawaja,JC Archer,0,0,,,,,,,,,
1455611,2025/26,2025-11-21,Perth Stadium,2,16.6,Australia,England,TM Head,UT Khawaja,JC Archer,0,0,,,,,,,,,
1455611,2025/26,2025-11-21,Perth Stadium,2,17.1,Australia,England,UT Khawaja,TM Head,BA Carse,0,0,,,,,,,,,
1455611,2025/26,2025-11-21,Perth Stadium,2,17.2,Australia,England,UT Khawaja,TM Head,BA Carse,0,0,,,,,,caught,UT Khawaja,,
1455611,2025/26,2025-11-21,Perth Stadium,2,17.3,Australia,England,C Green,TM Head,BA Carse,0,0,,,,,,,,,
1455611,2025/26,2025-11-21,Perth Stadium,2,17.4,Australia,England,C Green,TM Head,BA Carse,0,0,,,,,,,,,
1455611,2025/26,2025-11-21,Perth Stadium,2,17.5,Australia,England,C Green,TM Head,BA Carse,0,0,,,,,,,,,
1455611,2025/26,2025-11-21,Perth Stadium,2,17.6,Australia,England,C Green,TM Head,BA Carse,0,0,,,,,,,,,
1455611,2025/26,2025-11-21,Perth Stadium,2,18.1,Australia,England,TM Head,C Green,AAP Atkinson,2,0,,,,,,,,,
1455611,2025/26,2025-11-21,Perth Stadium,2,18.2,Australia,England,TM Head,C Green,AAP Atkinson,0,0,,,,,,,,,
1455611,2025/26,2025-11-21,Perth Stadium,2,18.3,Australia,England,TM Head,C Green,AAP Atkinson,1,0,,,,,,,,,
1455611,2025/26,2025-11-21,Perth Stadium,2,18.4,Australia,England,C Green,TM Head,AAP Atkinson,4,0,,,,,,,,,
1455611,2025/26,2025-11-21,Perth Stadium,2,18.5,Australia,England,C Green,TM Head,AAP Atkinson,0,0,,,,,,,,,
1455611,2025/26,2025-11-21,Perth Stadium,2,18.6,Australia,England,C Green,TM Head,AAP Atkinson,0,0,,,,,,,,,
1455611,2025/26,2025-11-21,Perth Stadium,2,19.1,Australia,England,TM Head,C Green,BA Carse,3,0,,,,,,,,,
1455611,2025/26,2025-11-21,Perth Stadium,2,19.2,Australia,England,C Green,TM Head,BA Carse,0,0,,,,,,,,,
1455611,2025/26,2025-11-21,Perth Stadium,2,19.3,Australia,England,C Green,TM Head,BA Carse,0,0,,,,,,,,,
1455611,2025/26,2025-11-21,Perth Stadium,2,19.4,Australia,England,C Green,TM Head,BA Carse,0,0,,,,,,,,,
1455611,2025/26,2025-11-21,Perth Stadium,2,19.5,Australia,England,C Green,TM Head,BA Carse,0,0,,,,,,,,,
1455611,2025/26,2025-11-21,Perth Stadium,2,19.6,Australia,England,C Green,TM Head,BA Carse,0,0,,,,,,,,,
1455611,2025/26,2025-11-21,Perth Stadium,2,20.1,Australia,England,TM Head,C Green,AAP Atkinson,0,0,,,,,,,,,
1455611,2025/26,2025-11-21,Perth Stadium,2,20.2,Australia,England,TM Head,C Green,AAP Atkinson,1,0,,,,,,,,,
1455611,2025/26,2025-11-21,Perth Stadium,2,20.3,Australia,England,C Green,TM Head,AAP Atkinson,0,0,,,,,,,,,
1455611,2025/26,2025-11-21,Perth Stadium,2,20.4,Australia,England,C Green,TM Head,AAP Atkinson,0,0,,,,,,,,,
1455611,2025/26,2025-11-21,Perth Stadium,2,20.5,Australia,England,C Green,TM Head,AAP Atkinson,0,0,,,,,,,,,
1455611,2025/26,2025-11-21,Perth Stadium,2,20.6,Australia,England,C Green,TM Head,AAP Atkinson,0,0,,,,,,,,,
1455611,2025/26,2025-11-21,Perth Stadium,2,21.1,Australia,England,TM Head,C Green,MA Wood,0,4,,,,4,,,,,
1455611,2025/26,2025-11-21,Perth Stadium,2,21.2,Australia,England,TM Head,C Green,MA Wood,1,0,,,,,,,,,
1455611,2025/26,2025-11-21,Perth Stadium,2,21.3,Australia,England,C Green,TM Head,MA Wood,0,0,,,,,,,,,
1455611,2025/26,2025-11-21,Perth Stadium,2,21.4,Australia,England,C Green,TM Head,MA Wood,0,0,,,,,,,,,
1455611,2025/26,2025-11-21,Perth Stadium,2,21.5,Australia,England,C Green,TM Head,MA Wood,0,0,,,,,,,,,
1455611,2025/26,2025-11-21,Perth Stadium,2,21.6,Australia,England,C Green,TM Head,MA Wood,1,0,,,,,,,,,
1455611,2025/26,2025-11-21,Perth Stadium,2,22.1,Australia,England,C Green,TM Head,AAP Atkinson,0,0,,,,,,,,,
1455611,2025/26,2025-11-21,Perth Stadium,2,22.2,Australia,England,C Green,TM Head,AAP Atkinson,0,0,,,,,,,,,
1455611,2025/26,2025-11-21,Perth Stadium,2,22.3,Australia,England,C Green,TM Head,AAP Atkinson,1,0,,,,,,,,,
1455611,2025/26,2025-11-21,Perth Stadium,2,22.4,Australia,England,TM Head,C Green,AAP Atkinson,0,0,,,,,,,,,
1455611,2025/26,2025-11-21,Perth Stadium,2,22.5,Australia,England,TM Head,C Green,AAP Atkinson,0,0,,,,,,,,,
1455611,2025/26,2025-11-21,Perth Stadium,2,22.6,Australia,England,TM Head,C Green,AAP Atkinson,0,0,,,,,,,,,
1455611,2025/26,2025-11-21,Perth Stadium,2,23.1,Australia,England,C Green,TM Head,MA Wood,0,0,,,,,,,,,
1455611,2025/26,2025-11-21,Perth Stadium,2,23.2,Australia,England,C Green,TM Head,MA Wood,1,0,,,,,,,,,
1455611,2025/26,2025-11-21,Perth Stadium,2,23.3,Australia,England,TM Head,C Green,MA Wood,3,0,,,,,,,,,
1455611,2025/26,2025-11-21,Perth Stadium,2,23.4,Australia,England,C Green,TM Head,MA Wood,0,0,,,,,,,,,
1455611,2025/26,2025-11-21,Perth Stadium,2,23.5,Australia,England,C Green,TM Head,MA Wood,0,0,,,,,,,,,
1455611,2025/26,2025-11-21,Perth Stadium,2,23.6,Australia,England,C Green,TM Head,MA Wood,0,0,,,,,,,,,
1455611,2025/26,2025-11-21,Perth Stadium,2,24.1,Australia,England,TM Head,C Green,AAP Atkinson,2,0,,,,,,,,,
1455611,2025/26,2025-11-21,Perth Stadium,2,24.2,Australia,England,TM Head,C Green,AAP Atkinson,2,0,,,,,,,,,
1455611,2025/26,2025-11-21,Perth Stadium,2,24.3,Australia,England,TM Head,C Green,AAP Atkinson,4,0,,,,,,,,,
1455611,2025/26,2025-11-21,Perth Stadium,2,24.4,Australia,England,TM Head,C Green,AAP Atkinson,0,0,,,,,,,,,
1455611,2025/26,2025-11-21,Perth Stadium,2,24.5,Australia,England,TM Head,C Green,AAP Atkinson,0,0,,,,,,,,,
1455611,2025/26,2025-11-21,Perth Stadium,2,24.6,Australia,England,TM Head,C Green,AAP Atkinson,0,0,,,,,,,,,
1455611,2025/26,2025-11-21,Perth Stadium,2,25.1,Australia,England,C Green,TM Head,MA Wood,0,0,,,,,,,,,
1455611,2025/26,2025-11-21,Perth Stadium,2,25.2,Australia,England,C Green,TM Head,MA Wood,2,0,,,,,,,,,
1455611,2025/26,2025-11-21,Perth Stadium,2,25.3,Australia,England,C Green,TM Head,MA Wood,2,0,,,,,,,,,
1455611,2025/26,2025-11-21,Perth Stadium,2,25.4,Australia,England,C Green,TM Head,MA Wood,0,0,,,,,,,,,
1455611,2025/26,2025-11-21,Perth Stadium,2,25.5,Australia,England,C Green,TM Head,MA Wood,0,0,,,,,,,,,
1455611,2025/26,2025-11-21,Perth Stadium,2,25.6,Australia,England,C Green,TM Head,MA Wood,4,0,,,,,,,,,
1455611,2025/26,2025-11-21,Perth Stadium,2,26.1,Australia,England,TM Head,C Green,AAP Atkinson,0,0,,,,,,,,,
1455611,2025/26,2025-11-21,Perth Stadium,2,26.2,Australia,England,TM Head,C Green,AAP Atkinson,0,0,,,,,,,,,
1455611,2025/26,2025-11-21,Perth Stadium,2,26.3,Australia,England,TM Head,C Green,AAP Atkinson,0,0,,,,,,,,,
1455611,2025/26,2025-11-21,Perth Stadium,2,26.4,Australia,England,TM Head,C Green,AAP Atkinson,0,0,,,,,,,,,
1455611,2025/26,2025-11-21,Perth Stadium,2,26.5,Australia,England,TM Head,C Green,AAP Atkinson,0,0,,,,,,,,,
1455611,2025/26,2025-11-21,Perth Stadium,2,26.6,Australia,England,TM Head,C Green,AAP Atkinson,0,0,,,,,,,,,
1455611,2025/26,2025-11-21,Perth Stadium,2,27.1,Australia,England,C Green,TM Head,BA Stokes,0,0,,,,,,,,,
1455611,2025/26,2025-11-21,Perth Stadium,2,27.2,Australia,England,C Green,TM Head,BA Stokes,0,0,,,,,,,,,
1455611,2025/26,2025-11-21,Perth Stadium,2,27.3,Australia,England,C Green,TM Head,BA Stokes,0,0,,,,,,,,,
1455611,2025/26,2025-11-21,Perth Stadium,2,27.4,Australia,England,C Green,TM Head,BA Stokes,3,0,,,,,,,,,
1455611,2025/26,2025-11-21,Perth Stadium,2,27.5,Australia,England,TM Head,C Green,BA Stokes,0,0,,,,,,,,,
1455611,2025/26,2025-11-21,Perth Stadium,2,27.6,Australia,England,TM Head,C Green,BA Stokes,0,0,,,,,,,,,
1455611,2025/26,2025-11-21,Perth Stadium,2,28.1,Australia,England,C Green,TM Head,BA Carse,0,0,,,,,,,,,
1455611,2025/26,2025-11-21,Perth Stadium,2,28.2,Australia,England,C Green,TM Head,BA Carse,0,0,,,,,,,,,
1455611,2025/26,2025-11-21,Perth Stadium,2,28.3,Australia,England,C Green,TM Head,BA Carse,0,0,,,,,,,,,
1455611,2025/26,2025-11-21,Perth Stadium,2,28.4,Australia,England,C Green,TM Head,BA Carse,1,0,,,,,,,,,
1455611,2025/26,2025-11-21,Perth Stadium,2,28.5,Australia,England,TM Head,C Green,BA Carse,1,0,,,,,,,,,
1455611,2025/26,2025-11-21,Perth Stadium,2,28.6,Australia,England,C Green,TM Head,BA Carse,2,0,,,,,,,,,
1455611,2025/26,2025-11-21,Perth Stadium,2,29.1,Australia,England,TM Head,C Green,BA Stokes,0,0,,,,,,caught,TM Head,,
1455611,2025/26,2025-11-21,Perth Stadium,2,29.2,Australia,England,AT Carey,C Green,BA Stokes,1,0,,,,,,,,,
1455611,2025/26,2025-11-21,Perth Stadium,2,29.3,Australia,England,C Green,AT Carey,BA Stokes,2,0,,,,,,,,,
1455611,2025/26,2025-11-21,Perth Stadium,2,29.4,Australia,England,C Green,AT Carey,BA Stokes,0,0,,,,,,,,,
1455611,2025/26,2025-11-21,Perth Stadium,2,29.5,Australia,England,C Green,AT Carey,BA Stokes,0,0,,,,,,,,,
1455611,2025/26,2025-11-21,Perth Stadium,2,29.6,Australia,England,C Green,AT Carey,BA Stokes,0,0,,,,,,,,,
1455611,2025/26,2025-11-21,Perth Stadium,2,30.1,Australia,England,AT Carey,C Green,BA Carse,1,0,,,,,,,,,
1455611,2025/26,2025-11-21,Perth Stadium,2,30.2,Australia,England,C Green,AT Carey,BA Carse,0,0,,,,,,,,,
1455611,2025/26,2025-11-21,Perth Stadium,2,30.3,Australia,England,C Green,AT Carey,BA Carse,1,0,,,,,,,,,
1455611,2025/26,2025-11-21,Perth Stadium,2,30.4,Australia,England,AT Carey,C Green,BA Carse,0,0,,,,,,,,,
1455611,2025/26,2025-11-21,Perth Stadium,2,30.5,Australia,England,AT Carey,C Green,BA Carse,0,0,,,,,,,,,
1455611,2025/26,2025-11-21,Perth Stadium,2,30.6,Australia,England,AT Carey,C Green,BA Carse,2,0,,,,,,,,,
1455611,2025/26,2025-11-21,Perth Stadium,2,31.1,Australia,England,C Green,AT Carey,BA Stokes,0,0,,,,,,caught,C Green,,
1455611,2025/26,2025-11-21,Perth Stadium,2,31.2,Australia,England,MA Starc,AT Carey,BA Stokes,1,0,,,,,,,,,
1455611,2025/26,2025-11-21,Perth Stadium,2,31.3,Australia,England,AT Carey,MA Starc,BA Stokes,4,0,,,,,,,,,
1455611,2025/26,2025-11-21,Perth Stadium,2,31.4,Australia,England,AT Carey,MA Starc,BA Stokes,2,0,,,,,,,,,
1455611,2025/26,2025-11-21,Perth Stadium,2,31.5,Australia,England,AT Carey,MA Starc,BA Stokes,0,0,,,,,,,,,
1455611,2025/26,2025-11-21,Perth Stadium,2,31.6,Australia,England,AT Carey,MA Starc,BA Stokes,1,0,,,,,,,,,
1455611,2025/26,2025-11-21,Perth Stadium,2,32.1,Australia,England,AT Carey,MA Starc,BA Carse,0,0,,,,,,,,,
1455611,2025/26,2025-11-21,Perth Stadium,2,32.2,Australia,England,AT Carey,MA Starc,BA Carse,0,0,,,,,,,,,
1455611,2025/26,2025-11-21,Perth Stadium,2,32.3,Australia,England,AT Carey,MA Starc,BA Carse,1,0,,,,,,,,,
1455611,2025/26,2025-11-21,Perth Stadium,2,32.4,Australia,England,MA Starc,AT Carey,BA Carse,0,1,,1,,,,,,,
1455611,2025/26,2025-11-21,Perth Stadium,2,32.5,Australia,England,MA Starc,AT Carey,BA Carse,2,0,,,,,,,,,
1455611,2025/26,2025-11-21,Perth Stadium,2,32.6,Australia,England,MA Starc,AT Carey,BA Carse,1,0,,,,,,,,,
1455611,2025/26,2025-11-21,Perth Stadium,2,32.7,Australia,England,AT Carey,MA Starc,BA Carse,4,0,,,,,,,,,
1455611,2025/26,2025-11-21,Perth Stadium,2,33.1,Australia,England,MA Starc,AT Carey,BA Stokes,0,0,,,,,,,,,
1455611,2025/26,2025-11-21,Perth Stadium,2,33.2,Australia,England,MA Starc,AT Carey,BA Stokes,3,0,,,,,,,,,
1455611,2025/26,2025-11-21,Perth Stadium,2,33.3,Australia,England,AT Carey,MA Starc,BA Stokes,0,0,,,,,,,,,
1455611,2025/26,2025-11-21,Perth Stadium,2,33.4,Australia,England,AT Carey,MA Starc,BA Stokes,0,0,,,,,,,,,
1455611,2025/26,2025-11-21,Perth Stadium,2,33.5,Australia,England,AT Carey,MA Starc,BA Stokes,0,0,,,,,,,,,
1455611,2025/26,2025-11-21,Perth Stadium,2,33.6,Australia,England,AT Carey,MA Starc,BA Stokes,0,1,,,,1,,,,,
1455611,2025/26,2025-11-21,Perth Stadium,2,34.1,Australia,England,AT Carey,MA Starc,BA Carse,0,0,,,,,,,,,
1455611,2025/26,2025-11-21,Perth Stadium,2,34.2,Australia,England,AT Carey,MA Starc,BA Carse,1,0,,,,,,,,,
1455611,2025/26,2025-11-21,Perth Stadium,2,34.3,Australia,England,MA Starc,AT Carey,BA Carse,1,0,,,,,,,,,
1455611,2025/26,2025-11-21,Perth Stadium,2,34.4,Australia,England,AT Carey,MA Starc,BA Carse,1,0,,,,,,,,,
1455611,2025/26,2025-11-21,Perth Stadium,2,34.5,Australia,England,MA Starc,AT Carey,BA Carse,1,0,,,,,,,,,
1455611,2025/26,2025-11-21,Perth Stadium,2,34.6,Australia,England,AT Carey,MA Starc,BA Carse,4,0,,,,,,,,,
1455611,2025/26,2025-11-21,Perth Stadium,2,35.1,Australia,England,MA Starc,AT Carey,BA Stokes,1,0,,,,,,,,,
1455611,2025/26,2025-11-21,Perth Stadium,2,35.2,Australia,England,AT Carey,MA Starc,BA Stokes,2,0,,,,,,,,,
1455611,2025/26,2025-11-21,Perth Stadium,2,35.3,Australia,England,AT Carey,MA Starc,BA Stokes,1,0,,,,,,,,,
1455611,2025/26,2025-11-21,Perth Stadium,2,35.4,Australia,England,MA Starc,AT Carey,BA Stokes,2,0,,,,,,,,,
1455611,2025/26,2025-11-21,Perth Stadium,2,35.5,Australia,England,MA Starc,AT Carey,BA Stokes,0,0,,,,,,,,,
1455611,2025/26,2025-11-21,Perth Stadium,2,35.6,Australia,England,MA Starc,AT Carey,BA Stokes,0,0,,,,,,caught,MA Starc,,
1455611,2025/26,2025-11-21,Perth Stadium,2,36.1,Australia,England,AT Carey,NM Lyon,JC Archer,1,0,,,,,,,,,
1455611,2025/26,2025-11-21,Perth Stadium,2,36.2,Australia,England,NM Lyon,AT Carey,JC Archer,0,0,,,,,,,,,
1455611,2025/26,2025-11-21,Perth Stadium,2,36.3,Australia,England,NM Lyon,AT Carey,JC Archer,0,0,,,,,,,,,
1455611,2025/26,2025-11-21,Perth Stadium,2,36.4,Australia,England,NM Lyon,AT Carey,JC Archer,0,0,,,,,,,,,
1455611,2025/26,2025-11-21,Perth Stadium,2,36.5,Australia,England,NM Lyon,AT Carey,JC Archer,0,0,,,,,,,,,
1455611,2025/26,2025-11-21,Perth Stadium,2,36.6,Australia,England,NM Lyon,AT Carey,JC Archer,1,0,,,,,,,,,
1455611,2025/26,2025-11-21,Perth Stadium,2,37.1,Australia,England,NM Lyon,AT Carey,BA Stokes,0,0,,,,,,,,,
1455611,2025/26,2025-11-21,Perth Stadium,2,37.2,Australia,England,NM Lyon,AT Carey,BA Stokes,0,1,,,,1,,,,,
1455611,2025/26,2025-11-21,Perth Stadium,2,37.3,Australia,England,AT Carey,NM Lyon,BA Stokes,0,0,,,,,,,,,
1455611,2025/26,2025-11-21,Perth Stadium,2,37.4,Australia,England,AT Carey,NM Lyon,BA Stokes,0,0,,,,,,caught,AT Carey,,
1455611,2025/26,2025-11-21,Perth Stadium,2,37.5,Australia,England,SM Boland,NM Lyon,BA Stokes,0,0,,,,,,,,,
1455611,2025/26,2025-11-21,Perth Stadium,2,37.6,Australia,England,SM Boland,NM Lyon,BA Stokes,0,0,,,,,,caught,SM Boland,,
1455611,2025/26,2025-11-21,Perth Stadium,2,38.1,Australia,England,NM Lyon,B Doggett,JC Archer,0,0,,,,,,,,,
1455611,2025/26,2025-11-21,Perth Stadium,2,38.2,Australia,England,NM Lyon,B Doggett,JC Archer,0,0,,,,,,,,,
1455611,2025/26,2025-11-21,Perth Stadium,2,38.3,Australia,England,NM Lyon,B Doggett,JC Archer,0,0,,,,,,,,,
1455611,2025/26,2025-11-21,Perth Stadium,2,38.4,Australia,England,NM Lyon,B Doggett,JC Archer,0,0,,,,,,,,,
1455611,2025/26,2025-11-21,Perth Stadium,2,38.5,Australia,England,NM Lyon,B Doggett,JC Archer,0,0,,,,,,,,,
1455611,2025/26,2025-11-21,Perth Stadium,2,38.6,Australia,England,NM Lyon,B Doggett,JC Archer,2,0,,,,,,,,,
1455611,2025/26,2025-11-21,Perth Stadium,2,39.1,Australia,England,B Doggett,NM Lyon,MA Wood,0,0,,,,,,,,,
1455611,2025/26,2025-11-21,Perth Stadium,2,39.2,Australia,England,B Doggett,NM Lyon,MA Wood,0,0,,,,,,,,,
1455611,2025/26,2025-11-21,Perth Stadium,2,39.3,Australia,England,B Doggett,NM Lyon,MA Wood,0,0,,,,,,,,,
1455611,2025/26,2025-11-21,Perth Stadium,2,39.4,Australia,England,B Doggett,NM Lyon,MA Wood,0,0,,,,,,,,,
1455611,2025/26,2025-11-21,Perth Stadium,2,39.5,Australia,England,B Doggett,NM Lyon,MA Wood,0,1,,,,1,,,,,
1455611,2025/26,2025-11-21,Perth Stadium,2,39.6,Australia,England,NM Lyon,B Doggett,MA Wood,0,0,,,,,,,,,
1455611,2025/26,2025-11-21,Perth Stadium,2,40.1,Australia,England,B Doggett,NM Lyon,AAP Atkinson,0,0,,,,,,,,,
1455611,2025/26,2025-11-21,Perth Stadium,2,40.2,Australia,England,B Doggett,NM Lyon,AAP Atkinson,0,0,,,,,,,,,
1455611,2025/26,2025-11-21,Perth Stadium,2,40.3,Australia,England,B Doggett,NM Lyon,AAP Atkinson,0,0,,,,,,,,,
1455611,2025/26,2025-11-21,Perth Stadium,2,40.4,Australia,England,B Doggett,NM Lyon,AAP Atkinson,2,0,,,,,,,,,
1455611,2025/26,2025-11-21,Perth Stadium,2,40.5,Australia,England,B Doggett,NM Lyon,AAP Atkinson,0,0,,,,,,,,,
1455611,2025/26,2025-11-21,Perth Stadium,2,40.6,Australia,England,B Doggett,NM Lyon,AAP Atkinson,0,0,,,,,,,,,
1455611,2025/26,2025-11-21,Perth Stadium,2,41.1,Australia,England,NM Lyon,B Doggett,MA Wood,1,0,,,,,,,,,
1455611,2025/26,2025-11-21,Perth Stadium,2,41.2,Australia,England,B Doggett,NM Lyon,MA Wood,0,0,,,,,,,,,
1455611,2025/26,2025-11-21,Perth Stadium,2,41.3,Australia,England,B Doggett,NM Lyon,MA Wood,0,0,,,,,,,,,
1455611,2025/26,2025-11-21,Perth Stadium,2,41.4,Australia,England,B Doggett,NM Lyon,MA Wood,0,0,,,,,,,,,
1455611,2025/26,2025-11-21,Perth Stadium,2,41.5,Australia,England,B Doggett,NM Lyon,MA Wood,0,0,,,,,,,,,
1455611,2025/26,2025-11-21,Perth Stadium,2,41.6,Australia,England,B Doggett,NM Lyon,MA Wood,1,0,,,,,,,,,
1455611,2025/26,2025-11-21,Perth Stadium,2,42.1,Australia,England,B Doggett,NM Lyon,AAP Atkinson,0,0,,,,,,,,,
1455611,2025/26,2025-11-21,Perth Stadium,2,42.2,Australia,England,B Doggett,NM Lyon,AAP Atkinson,0,0,,,,,,,,,
1455611,2025/26,2025-11-21,Perth Stadium,2,42.3,Australia,England,B Doggett,NM Lyon,AAP Atkinson,2,0,,,,,,,,,
1455611,2025/26,2025-11-21,Perth Stadium,2,42.4,Australia,England,B Doggett,NM Lyon,AAP Atkinson,1,0,,,,,,,,,
1455611,2025/26,2025-11-21,Perth Stadium,2,42.5,Australia,England,NM Lyon,B Doggett,AAP Atkinson,0,0,,,,,,,,,
1455611,2025/26,2025-11-21,Perth Stadium,2,42.6,Australia,England,NM Lyon,B Doggett,AAP Atkinson,0,0,,,,,,,,,
1455611,2025/26,2025-11-21,Perth Stadium,2,43.1,Australia,England,B Doggett,NM Lyon,MA Wood,0,0,,,,,,,,,
1455611,2025/26,2025-11-21,Perth Stadium,2,43.2,Australia,England,B Doggett,NM Lyon,MA Wood,0,0,,,,,,,,,
1455611,2025/26,2025-11-21,Perth Stadium,2,43.3,Australia,England,B Doggett,NM Lyon,MA Wood,0,0,,,,,,,,,
1455611,2025/26,2025-11-21,Perth Stadium,2,43.4,Australia,England,B Doggett,NM Lyon,MA Wood,1,0,,,,,,,,,
1455611,2025/26,2025-11-21,Perth Stadium,2,43.5,Australia,England,NM Lyon,B Doggett,MA Wood,0,0,,,,,,,,,
1455611,2025/26,2025-11-21,Perth Stadium,2,43.6,Australia,England,NM Lyon,B Doggett,MA Wood,0,0,,,,,,,,,
1455611,2025/26,2025-11-21,Perth Stadium,2,44.1,Australia,England,B Doggett,NM Lyon,AAP Atkinson,0,0,,,,,,,,,
1455611,2025/26,2025-11-21,Perth Stadium,2,44.2,Australia,England,B Doggett,NM Lyon,AAP Atkinson,0,0,,,,,,,,,
1455611,2025/26,2025-11-21,Perth Stadium,2,44.3,Australia,England,B Doggett,NM Lyon,AAP Atkinson,0,0,,,,,,,,,
1455611,2025/26,2025-11-21,Perth Stadium,2,44.4,Australia,England,B Doggett,NM Lyon,AAP Atkinson,0,0,,,,,,,,,
1455611,2025/26,2025-11-21,Perth Stadium,2,44.5,Australia,England,B Doggett,NM Lyon,AAP Atkinson,0,0,,,,,,,,,
1455611,2025/26,2025-11-21,Perth Stadium,2,44.6,Australia,England,B Doggett,NM Lyon,AAP Atkinson,0,0,,,,,,,,,
1455611,2025/26,2025-11-21,Perth Stadium,2,45.1,Australia,England,NM Lyon,B Doggett,BA Carse,0,0,,,,,,,,,
1455611,2025/26,2025-11-21,Perth Stadium,2,45.2,Australia,England,NM Lyon,B Doggett,BA Carse,0,0,,,,,,caught,NM Lyon,,
1455611,2025/26,2025-11-21,Perth Stadium,3,0.1,England,Australia,Z Crawley,BM Duckett,MA Starc,0,0,,,,,,,,,
1455611,2025/26,2025-11-21,Perth Stadium,3,0.2,England,Australia,Z Crawley,BM Duckett,MA Starc,0,0,,,,,,,,,
1455611,2025/26,2025-11-21,Perth Stadium,3,0.3,England,Australia,Z Crawley,BM Duckett,MA Starc,0,0,,,,,,,,,
1455611,2025/26,2025-11-21,Perth Stadium,3,0.4,England,Australia,Z Crawley,BM Duckett,MA Starc,0,0,,,,,,,,,
1455611,2025/26,2025-11-21,Perth Stadium,3,0.5,England,Australia,Z Crawley,BM Duckett,MA Starc,0,0,,,,,,caught and bowled,Z Crawley,,
1455611,2025/26,2025-11-21,Perth Stadium,3,0.6,England,Australia,OJ Pope,BM Duckett,MA Starc,0,0,,,,,,,,,
1455611,2025/26,2025-11-21,Perth Stadium,3,1.1,England,Australia,BM Duckett,OJ Pope,SM Boland,0,0,,,,,,,,,
1455611,2025/26,2025-11-21,Perth Stadium,3,1.2,England,Australia,BM Duckett,OJ Pope,SM Boland,0,0,,,,,,,,,
1455611,2025/26,2025-11-21,Perth Stadium,3,1.3,England,Australia,BM Duckett,OJ Pope,SM Boland,1,0,,,,,,,,,
1455611,2025/26,2025-11-21,Perth Stadium,3,1.4,England,Australia,OJ Pope,BM Duckett,SM Boland,0,1,,,,1,,,,,
1455611,2025/26,2025-11-21,Perth Stadium,3,1.5,England,Australia,BM Duckett,OJ Pope,SM Boland,0,0,,,,,,,,,
1455611,2025/26,2025-11-21,Perth Stadium,3,1.6,England,Australia,BM Duckett,OJ Pope,SM Boland,0,0,,,,,,,,,
1455611,2025/26,2025-11-21,Perth Stadium,3,2.1,England,Australia,OJ Pope,BM Duckett,MA Starc,0,0,,,,,,,,,
1455611,2025/26,2025-11-21,Perth Stadium,3,2.2,England,Australia,OJ Pope,BM Duckett,MA Starc,1,0,,,,,,,,,
1455611,2025/26,2025-11-21,Perth Stadium,3,2.3,England,Australia,BM Duckett,OJ Pope,MA Starc,0,0,,,,,,,,,
1455611,2025/26,2025-11-21,Perth Stadium,3,2.4,England,Australia,BM Duckett,OJ Pope,MA Starc,4,0,,,,,,,,,
1455611,2025/26,2025-11-21,Perth Stadium,3,2.5,England,Australia,BM Duckett,OJ Pope,MA Starc,2,0,,,,,,,,,
1455611,2025/26,2025-11-21,Perth Stadium,3,2.6,England,Australia,BM Duckett,OJ Pope,MA Starc,0,0,,,,,,,,,
1455611,2025/26,2025-11-21,Perth Stadium,3,3.1,England,Australia,OJ Pope,BM Duckett,SM Boland,0,0,,,,,,,,,
1455611,2025/26,2025-11-21,Perth Stadium,3,3.2,England,Australia,OJ Pope,BM Duckett,SM Boland,0,0,,,,,,,,,
1455611,2025/26,2025-11-21,Perth Stadium,3,3.3,England,Australia,OJ Pope,BM Duckett,SM Boland,0,0,,,,,,,,,
1455611,2025/26,2025-11-21,Perth Stadium,3,3.4,England,Australia,OJ Pope,BM Duckett,SM Boland,3,0,,,,,,,,,
1455611,2025/26,2025-11-21,Perth Stadium,3,3.5,England,Australia,BM Duckett,OJ Pope,SM Boland,2,0,,,,,,,,,
1455611,2025/26,2025-11-21,Perth Stadium,3,3.6,England,Australia,BM Duckett,OJ Pope,SM Boland,4,0,,,,,,,,,
1455611,2025/26,2025-11-21,Perth Stadium,3,4.1,England,Australia,OJ Pope,BM Duckett,MA Starc,0,0,,,,,,,,,
1455611,2025/26,2025-11-21,Perth Stadium,3,4.2,England,Australia,OJ Pope,BM Duckett,MA Starc,2,0,,,,,,,,,
1455611,2025/26,2025-11-21,Perth Stadium,3,4.3,England,Australia,OJ Pope,BM Duckett,MA Starc,0,0,,,,,,,,,
1455611,2025/26,2025-11-21,Perth Stadium,3,4.4,England,Australia,OJ Pope,BM Duckett,MA Starc,1,0,,,,,,,,,
1455611,2025/26,2025-11-21,Perth Stadium,3,4.5,England,Australia,BM Duckett,OJ Pope,MA Starc,0,0,,,,,,,,,
1455611,2025/26,2025-11-21,Perth Stadium,3,4.6,England,Australia,BM Duckett,OJ Pope,MA Starc,0,0,,,,,,,,,
1455611,2025/26,2025-11-21,Perth Stadium,3,5.1,England,Australia,OJ Pope,BM Duckett,SM Boland,3,0,,,,,,,,,
1455611,2025/26,2025-11-21,Perth Stadium,3,5.2,England,Australia,BM Duckett,OJ Pope,SM Boland,0,0,,,,,,,,,
1455611,2025/26,2025-11-21,Perth Stadium,3,5.3,England,Australia,BM Duckett,OJ Pope,SM Boland,1,0,,,,,,,,,
1455611,2025/26,2025-11-21,Perth Stadium,3,5.4,England,Australia,OJ Pope,BM Duckett,SM Boland,0,0,,,,,,,,,
1455611,2025/26,2025-11-21,Perth Stadium,3,5.5,England,Australia,OJ Pope,BM Duckett,SM Boland,0,0,,,,,,,,,
1455611,2025/26,2025-11-21,Perth Stadium,3,5.6,England,Australia,OJ Pope,BM Duckett,SM Boland,1,0,,,,,,,,,
1455611,2025/26,2025-11-21,Perth Stadium,3,6.1,England,Australia,OJ Pope,BM Duckett,MA Starc,0,0,,,,,,,,,
1455611,2025/26,2025-11-21,Perth Stadium,3,6.2,England,Australia,OJ Pope,BM Duckett,MA Starc,0,0,,,,,,,,,
1455611,2025/26,2025-11-21,Perth Stadium,3,6.3,England,Australia,OJ Pope,BM Duckett,MA Starc,0,0,,,,,,,,,
1455611,2025/26,2025-11-21,Perth Stadium,3,6.4,England,Australia,OJ Pope,BM Duckett,MA Starc,0,1,,,,1,,,,,
1455611,2025/26,2025-11-21,Perth Stadium,3,6.5,England,Australia,BM Duckett,OJ Pope,MA Starc,0,0,,,,,,,,,
1455611,2025/26,2025-11-21,Perth Stadium,3,6.6,England,Australia,BM Duckett,OJ Pope,MA Starc,2,0,,,,,,,,,
1455611,2025/26,2025-11-21,Perth Stadium,3,7.1,England,Australia,OJ Pope,BM Duckett,B Doggett,0,0,,,,,,,,,
1455611,2025/26,2025-11-21,Perth Stadium,3,7.2,England,Australia,OJ Pope,BM Duckett,B Doggett,3,0,,,,,,,,,
1455611,2025/26,2025-11-21,Perth Stadium,3,7.3,England,Australia,BM Duckett,OJ Pope,B Doggett,1,0,,,,,,,,,
1455611,2025/26,2025-11-21,Perth Stadium,3,7.4,England,Australia,OJ Pope,BM Duckett,B Doggett,0,0,,,,,,,,,
1455611,2025/26,2025-11-21,Perth Stadium,3,7.5,England,Australia,OJ Pope,BM Duckett,B Doggett,4,0,,,,,,,,,
1455611,2025/26,2025-11-21,Perth Stadium,3,7.6,England,Australia,OJ Pope,BM Duckett,B Doggett,0,0,,,,,,,,,
1455611,2025/26,2025-11-21,Perth Stadium,3,8.1,England,Australia,BM Duckett,OJ Pope,MA Starc,0,0,,,,,,,,,
1455611,2025/26,2025-11-21,Perth Stadium,3,8.2,England,Australia,BM Duckett,OJ Pope,MA Starc,1,0,,,,,,,,,
1455611,2025/26,2025-11-21,Perth Stadium,3,8.3,England,Australia,OJ Pope,BM Duckett,MA Starc,0,0,,,,,,,,,
1455611,2025/26,2025-11-21,Perth Stadium,3,8.4,England,Australia,OJ Pope,BM Duckett,MA Starc,0,0,,,,,,,,,
1455611,2025/26,2025-11-21,Perth Stadium,3,8.5,England,Australia,OJ Pope,BM Duckett,MA Starc,0,0,,,,,,,,,
1455611,2025/26,2025-11-21,Perth Stadium,3,8.6,England,Australia,OJ Pope,BM Duckett,MA Starc,0,0,,,,,,,,,
1455611,2025/26,2025-11-21,Perth Stadium,3,9.1,England,Australia,BM Duckett,OJ Pope,B Doggett,2,0,,,,,,,,,
1455611,2025/26,2025-11-21,Perth Stadium,3,9.2,England,Australia,BM Duckett,OJ Pope,B Doggett,0,5,,,,5,,,,,
1455611,2025/26,2025-11-21,Perth Stadium,3,9.3,England,Australia,OJ Pope,BM Duckett,B Doggett,0,0,,,,,,,,,
1455611,2025/26,2025-11-21,Perth Stadium,3,9.4,England,Australia,OJ Pope,BM Duckett,B Doggett,3,0,,,,,,,,,
1455611,2025/26,2025-11-21,Perth Stadium,3,9.5,England,Australia,BM Duckett,OJ Pope,B Doggett,0,0,,,,,,,,,
1455611,2025/26,2025-11-21,Perth Stadium,3,9.6,England,Australia,BM Duckett,OJ Pope,B Doggett,1,0,,,,,,,,,
1455611,2025/26,2025-11-21,Perth Stadium,3,10.1,England,Australia,BM Duckett,OJ Pope,SM Boland,1,0,,,,,,,,,
1455611,2025/26,2025-11-21,Perth Stadium,3,10.2,England,Australia,OJ Pope,BM Duckett,SM Boland,0,0,,,,,,,,,
1455611,2025/26,2025-11-21,Perth Stadium,3,10.3,England,Australia,OJ Pope,BM Duckett,SM Boland,0,0,,,,,,,,,
1455611,2025/26,2025-11-21,Perth Stadium,3,10.4,England,Australia,OJ Pope,BM Duckett,SM Boland,0,0,,,,,,,,,
1455611,2025/26,2025-11-21,Perth Stadium,3,10.5,England,Australia,OJ Pope,BM Duckett,SM Boland,0,0,,,,,,,,,
1455611,2025/26,2025-11-21,Perth Stadium,3,10.6,England,Australia,OJ Pope,BM Duckett,SM Boland,1,0,,,,,,,,,
1455611,2025/26,2025-11-21,Perth Stadium,3,11.1,England,Australia,OJ Pope,BM Duckett,B Doggett,0,0,,,,,,,,,
1455611,2025/26,2025-11-21,Perth Stadium,3,11.2,England,Australia,OJ Pope,BM Duckett,B Doggett,0,0,,,,,,,,,
1455611,2025/26,2025-11-21,Perth Stadium,3,11.3,England,Australia,OJ Pope,BM Duckett,B Doggett,1,0,,,,,,,,,
1455611,2025/26,2025-11-21,Perth Stadium,3,11.4,England,Australia,BM Duckett,OJ Pope,B Doggett,2,0,,,,,,,,,
1455611,2025/26,2025-11-21,Perth Stadium,3,11.5,England,Australia,BM Duckett,OJ Pope,B Doggett,0,0,,,,,,,,,
1455611,2025/26,2025-11-21,Perth Stadium,3,11.6,England,Australia,BM Duckett,OJ Pope,B Doggett,0,0,,,,,,,,,
1455611,2025/26,2025-11-21,Perth Stadium,3,12.1,England,Australia,OJ Pope,BM Duckett,SM Boland,0,0,,,,,,,,,
1455611,2025/26,2025-11-21,Perth Stadium,3,12.2,England,Australia,OJ Pope,BM Duckett,SM Boland,0,0,,,,,,,,,
1455611,2025/26,2025-11-21,Perth Stadium,3,12.3,England,Australia,OJ Pope,BM Duckett,SM Boland,0,0,,,,,,,,,
1455611,2025/26,2025-11-21,Perth Stadium,3,12.4,England,Australia,OJ Pope,BM Duckett,SM Boland,0,0,,,,,,,,,
1455611,2025/26,2025-11-21,Perth Stadium,3,12.5,England,Australia,OJ Pope,BM Duckett,SM Boland,0,0,,,,,,,,,
1455611,2025/26,2025-11-21,Perth Stadium,3,12.6,England,Australia,OJ Pope,BM Duckett,SM Boland,0,0,,,,,,,,,
1455611,2025/26,2025-11-21,Perth Stadium,3,13.1,England,Australia,BM Duckett,OJ Pope,B Doggett,0,0,,,,,,,,,
1455611,2025/26,2025-11-21,Perth Stadium,3,13.2,England,Australia,BM Duckett,OJ Pope,B Doggett,0,0,,,,,,,,,
1455611,2025/26,2025-11-21,Perth Stadium,3,13.3,England,Australia,BM Duckett,OJ Pope,B Doggett,4,0,,,,,,,,,
1455611,2025/26,2025-11-21,Perth Stadium,3,13.4,England,Australia,BM Duckett,OJ Pope,B Doggett,0,0,,,,,,,,,
1455611,2025/26,2025-11-21,Perth Stadium,3,13.5,England,Australia,BM Duckett,OJ Pope,B Doggett,0,0,,,,,,,,,
1455611,2025/26,2025-11-21,Perth Stadium,3,13.6,England,Australia,BM Duckett,OJ Pope,B Doggett,0,0,,,,,,,,,
1455611,2025/26,2025-11-21,Perth Stadium,3,14.1,England,Australia,OJ Pope,BM Duckett,SM Boland,0,0,,,,,,,,,
1455611,2025/26,2025-11-21,Perth Stadium,3,14.2,England,Australia,OJ Pope,BM Duckett,SM Boland,0,0,,,,,,,,,
1455611,2025/26,2025-11-21,Perth Stadium,3,14.3,England,Australia,OJ Pope,BM Duckett,SM Boland,1,0,,,,,,,,,
1455611,2025/26,2025-11-21,Perth Stadium,3,14.4,England,Australia,BM Duckett,OJ Pope,SM Boland,0,0,,,,,,,,,
1455611,2025/26,2025-11-21,Perth Stadium,3,14.5,England,Australia,BM Duckett,OJ Pope,SM Boland,0,0,,,,,,,,,
1455611,2025/26,2025-11-21,Perth Stadium,3,14.6,England,Australia,BM Duckett,OJ Pope,SM Boland,0,0,,,,,,,,,
1455611,2025/26,2025-11-21,Perth Stadium,3,15.1,England,Australia,OJ Pope,BM Duckett,C Green,0,0,,,,,,,,,
1455611,2025/26,2025-11-21,Perth Stadium,3,15.2,England,Australia,OJ Pope,BM Duckett,C Green,0,0,,,,,,,,,
1455611,2025/26,2025-11-21,Perth Stadium,3,15.3,England,Australia,OJ Pope,BM Duckett,C Green,4,0,,,,,,,,,
1455611,2025/26,2025-11-21,Perth Stadium,3,15.4,England,Australia,OJ Pope,BM Duckett,C Green,1,0,,,,,,,,,
1455611,2025/26,2025-11-21,Perth Stadium,3,15.5,England,Australia,BM Duckett,OJ Pope,C Green,0,0,,,,,,,,,
1455611,2025/26,2025-11-21,Perth Stadium,3,15.6,England,Australia,BM Duckett,OJ Pope,C Green,0,0,,,,,,,,,
1455611,2025/26,2025-11-21,Perth Stadium,3,16.1,England,Australia,OJ Pope,BM Duckett,SM Boland,1,0,,,,,,,,,
1455611,2025/26,2025-11-21,Perth Stadium,3,16.2,England,Australia,BM Duckett,OJ Pope,SM Boland,0,0,,,,,,caught,BM Duckett,,
1455611,2025/26,2025-11-21,Perth Stadium,3,16.3,England,Australia,JE Root,OJ Pope,SM Boland,2,0,,,,,,,,,
1455611,2025/26,2025-11-21,Perth Stadium,3,16.4,England,Australia,JE Root,OJ Pope,SM Boland,0,0,,,,,,,,,
1455611,2025/26,2025-11-21,Perth Stadium,3,16.5,England,Australia,JE Root,OJ Pope,SM Boland,0,0,,,,,,,,,
1455611,2025/26,2025-11-21,Perth Stadium,3,16.6,England,Australia,JE Root,OJ Pope,SM Boland,0,0,,,,,,,,,
1455611,2025/26,2025-11-21,Perth Stadium,3,17.1,England,Australia,OJ Pope,JE Root,C Green,0,0,,,,,,,,,
1455611,2025/26,2025-11-21,Perth Stadium,3,17.2,England,Australia,OJ Pope,JE Root,C Green,3,0,,,,,,,,,
1455611,2025/26,2025-11-21,Perth Stadium,3,17.3,England,Australia,JE Root,OJ Pope,C Green,0,0,,,,,,,,,
1455611,2025/26,2025-11-21,Perth Stadium,3,17.4,England,Australia,JE Root,OJ Pope,C Green,0,0,,,,,,,,,
1455611,2025/26,2025-11-21,Perth Stadium,3,17.5,England,Australia,JE Root,OJ Pope,C Green,4,0,,,,,,,,,
1455611,2025/26,2025-11-21,Perth Stadium,3,17.6,England,Australia,JE Root,OJ Pope,C Green,1,0,,,,,,,,,
1455611,2025/26,2025-11-21,Perth Stadium,3,18.1,England,Australia,JE Root,OJ Pope,SM Boland,1,0,,,,,,,,,
1455611,2025/26,2025-11-21,Perth Stadium,3,18.2,England,Australia,OJ Pope,JE Root,SM Boland,0,0,,,,,,,,,
1455611,2025/26,2025-11-21,Perth Stadium,3,18.3,England,Australia,OJ Pope,JE Root,SM Boland,0,0,,,,,,caught,OJ Pope,,
1455611,2025/26,2025-11-21,Perth Stadium,3,18.4,England,Australia,HC Brook,JE Root,SM Boland,0,0,,,,,,,,,
1455611,2025/26,2025-11-21,Perth Stadium,3,18.5,England,Australia,HC Brook,JE Root,SM Boland,0,0,,,,,,,,,
1455611,2025/26,2025-11-21,Perth Stadium,3,18.6,England,Australia,HC Brook,JE Root,SM Boland,0,0,,,,,,caught,HC Brook,,
1455611,2025/26,2025-11-21,Perth Stadium,3,19.1,England,Australia,JE Root,BA Stokes,MA Starc,0,0,,,,,,,,,
1455611,2025/26,2025-11-21,Perth Stadium,3,19.2,England,Australia,JE Root,BA Stokes,MA Starc,0,0,,,,,,bowled,JE Root,,
1455611,2025/26,2025-11-21,Perth Stadium,3,19.3,England,Australia,JL Smith,BA Stokes,MA Starc,0,0,,,,,,,,,
1455611,2025/26,2025-11-21,Perth Stadium,3,19.4,England,Australia,JL Smith,BA Stokes,MA Starc,0,0,,,,,,,,,
1455611,2025/26,2025-11-21,Perth Stadium,3,19.5,England,Australia,JL Smith,BA Stokes,MA Starc,1,0,,,,,,,,,
1455611,2025/26,2025-11-21,Perth Stadium,3,19.6,England,Australia,BA Stokes,JL Smith,MA Starc,0,0,,,,,,,,,
1455611,2025/26,2025-11-21,Perth Stadium,3,20.1,England,Australia,JL Smith,BA Stokes,SM Boland,0,0,,,,,,,,,
1455611,2025/26,2025-11-21,Perth Stadium,3,20.2,England,Australia,JL Smith,BA Stokes,SM Boland,0,0,,,,,,,,,
1455611,2025/26,2025-11-21,Perth Stadium,3,20.3,England,Australia,JL Smith,BA Stokes,SM Boland,0,0,,,,,,,,,
1455611,2025/26,2025-11-21,Perth Stadium,3,20.4,England,Australia,JL Smith,BA Stokes,SM Boland,0,0,,,,,,,,,
1455611,2025/26,2025-11-21,Perth Stadium,3,20.5,England,Australia,JL Smith,BA Stokes,SM Boland,3,0,,,,,,,,,
1455611,2025/26,2025-11-21,Perth Stadium,3,20.6,England,Australia,BA Stokes,JL Smith,SM Boland,0,0,,,,,,,,,
1455611,2025/26,2025-11-21,Perth Stadium,3,21.1,England,Australia,JL Smith,BA Stokes,MA Starc,1,0,,,,,,,,,
1455611,2025/26,2025-11-21,Perth Stadium,3,21.2,England,Australia,BA Stokes,JL Smith,MA Starc,0,0,,,,,,,,,
1455611,2025/26,2025-11-21,Perth Stadium,3,21.3,England,Australia,BA Stokes,JL Smith,MA Starc,0,0,,,,,,,,,
1455611,2025/26,2025-11-21,Perth Stadium,3,21.4,England,Australia,BA Stokes,JL Smith,MA Starc,1,0,,,,,,,,,
1455611,2025/26,2025-11-21,Perth Stadium,3,21.5,England,Australia,JL Smith,BA Stokes,MA Starc,0,0,,,,,,,,,
1455611,2025/26,2025-11-21,Perth Stadium,3,21.6,England,Australia,JL Smith,BA Stokes,MA Starc,1,0,,,,,,,,,
1455611,2025/26,2025-11-21,Perth Stadium,3,22.1,England,Australia,JL Smith,BA Stokes,SM Boland,0,0,,,,,,,,,
1455611,2025/26,2025-11-21,Perth Stadium,3,22.2,England,Australia,JL Smith,BA Stokes,SM Boland,0,0,,,,,,,,,
1455611,2025/26,2025-11-21,Perth Stadium,3,22.3,England,Australia,JL Smith,BA Stokes,SM Boland,0,0,,,,,,,,,
1455611,2025/26,2025-11-21,Perth Stadium,3,22.4,England,Australia,JL Smith,BA Stokes,SM Boland,0,0,,,,,,,,,
1455611,2025/26,2025-11-21,Perth Stadium,3,22.5,England,Australia,JL Smith,BA Stokes,SM Boland,0,0,,,,,,,,,
1455611,2025/26,2025-11-21,Perth Stadium,3,22.6,England,Australia,JL Smith,BA Stokes,SM Boland,0,0,,,,,,,,,
1455611,2025/26,2025-11-21,Perth Stadium,3,23.1,England,Australia,BA Stokes,JL Smith,B Doggett,0,0,,,,,,,,,
1455611,2025/26,2025-11-21,Perth Stadium,3,23.2,England,Australia,BA Stokes,JL Smith,B Doggett,0,0,,,,,,,,,
1455611,2025/26,2025-11-21,Perth Stadium,3,23.3,England,Australia,BA Stokes,JL Smith,B Doggett,0,0,,,,,,,,,
1455611,2025/26,2025-11-21,Perth Stadium,3,23.4,England,Australia,BA Stokes,JL Smith,B Doggett,0,0,,,,,,,,,
1455611,2025/26,2025-11-21,Perth Stadium,3,23.5,England,Australia,BA Stokes,JL Smith,B Doggett,1,0,,,,,,,,,
1455611,2025/26,2025-11-21,Perth Stadium,3,23.6,England,Australia,JL Smith,BA Stokes,B Doggett,1,0,,,,,,,,,
1455611,2025/26,2025-11-21,Perth Stadium,3,24.1,England,Australia,JL Smith,BA Stokes,MA Starc,2,0,,,,,,,,,
1455611,2025/26,2025-11-21,Perth Stadium,3,24.2,England,Australia,JL Smith,BA Stokes,MA Starc,0,0,,,,,,,,,
1455611,2025/26,2025-11-21,Perth Stadium,3,24.3,England,Australia,JL Smith,BA Stokes,MA Starc,1,0,,,,,,,,,
1455611,2025/26,2025-11-21,Perth Stadium,3,24.4,England,Australia,BA Stokes,JL Smith,MA Starc,0,0,,,,,,caught,BA Stokes,,
1455611,2025/26,2025-11-21,Perth Stadium,3,24.5,England,Australia,AAP Atkinson,JL Smith,MA Starc,0,0,,,,,,,,,
1455611,2025/26,2025-11-21,Perth Stadium,3,24.6,England,Australia,AAP Atkinson,JL Smith,MA Starc,0,4,,,,4,,,,,
1455611,2025/26,2025-11-21,Perth Stadium,3,25.1,England,Australia,JL Smith,AAP Atkinson,B Doggett,1,0,,,,,,,,,
1455611,2025/26,2025-11-21,Perth Stadium,3,25.2,England,Australia,AAP Atkinson,JL Smith,B Doggett,0,0,,,,,,,,,
1455611,2025/26,2025-11-21,Perth Stadium,3,25.3,England,Australia,AAP Atkinson,JL Smith,B Doggett,0,0,,,,,,,,,
1455611,2025/26,2025-11-21,Perth Stadium,3,25.4,England,Australia,AAP Atkinson,JL Smith,B Doggett,0,0,,,,,,,,,
1455611,2025/26,2025-11-21,Perth Stadium,3,25.5,England,Australia,AAP Atkinson,JL Smith,B Doggett,0,0,,,,,,,,,
1455611,2025/26,2025-11-21,Perth Stadium,3,25.6,England,Australia,AAP Atkinson,JL Smith,B Doggett,2,0,,,,,,,,,
1455611,2025/26,2025-11-21,Perth Stadium,3,26.1,England,Australia,JL Smith,AAP Atkinson,MA Starc,4,0,,,,,,,,,
1455611,2025/26,2025-11-21,Perth Stadium,3,26.2,England,Australia,JL Smith,AAP Atkinson,MA Starc,0,1,,,1,,,,,,
1455611,2025/26,2025-11-21,Perth Stadium,3,26.3,England,Australia,AAP Atkinson,JL Smith,MA Starc,0,0,,,,,,,,,
1455611,2025/26,2025-11-21,Perth Stadium,3,26.4,England,Australia,AAP Atkinson,JL Smith,MA Starc,0,0,,,,,,,,,
1455611,2025/26,2025-11-21,Perth Stadium,3,26.5,England,Australia,AAP Atkinson,JL Smith,MA Starc,4,0,,,,,,,,,
1455611,2025/26,2025-11-21,Perth Stadium,3,26.6,England,Australia,AAP Atkinson,JL Smith,MA Starc,0,0,,,,,,,,,
1455611,2025/26,2025-11-21,Perth Stadium,3,27.1,England,Australia,JL Smith,AAP Atkinson,B Doggett,0,0,,,,,,caught,JL Smith,,
1455611,2025/26,2025-11-21,Perth Stadium,3,27.2,England,Australia,BA Carse,AAP Atkinson,B Doggett,0,0,,,,,,,,,
1455611,2025/26,2025-11-21,Perth Stadium,3,27.3,England,Australia,BA Carse,AAP Atkinson,B Doggett,1,0,,,,,,,,,
1455611,2025/26,2025-11-21,Perth Stadium,3,27.4,England,Australia,AAP Atkinson,BA Carse,B Doggett,1,0,,,,,,,,,
1455611,2025/26,2025-11-21,Perth Stadium,3,27.5,England,Australia,BA Carse,AAP Atkinson,B Doggett,6,0,,,,,,,,,
1455611,2025/26,2025-11-21,Perth Stadium,3,27.6,England,Australia,BA Carse,AAP Atkinson,B Doggett,0,0,,,,,,,,,
1455611,2025/26,2025-11-21,Perth Stadium,3,28.1,England,Australia,AAP Atkinson,BA Carse,MA Starc,1,0,,,,,,,,,
1455611,2025/26,2025-11-21,Perth Stadium,3,28.2,England,Australia,BA Carse,AAP Atkinson,MA Starc,0,0,,,,,,,,,
1455611,2025/26,2025-11-21,Perth Stadium,3,28.3,England,Australia,BA Carse,AAP Atkinson,MA Starc,0,0,,,,,,,,,
1455611,2025/26,2025-11-21,Perth Stadium,3,28.4,England,Australia,BA Carse,AAP Atkinson,MA Starc,0,0,,,,,,,,,
1455611,2025/26,2025-11-21,Perth Stadium,3,28.5,England,Australia,BA Carse,AAP Atkinson,MA Starc,0,0,,,,,,,,,
1455611,2025/26,2025-11-21,Perth Stadium,3,28.6,England,Australia,BA Carse,AAP Atkinson,MA Starc,1,0,,,,,,,,,
1455611,2025/26,2025-11-21,Perth Stadium,3,29.1,England,Australia,BA Carse,AAP Atkinson,SM Boland,0,0,,,,,,,,,
1455611,2025/26,2025-11-21,Perth Stadium,3,29.2,England,Australia,BA Carse,AAP Atkinson,SM Boland,6,0,,,,,,,,,
1455611,2025/26,2025-11-21,Perth Stadium,3,29.3,England,Australia,BA Carse,AAP Atkinson,SM Boland,0,0,,,,,,,,,
1455611,2025/26,2025-11-21,Perth Stadium,3,29.4,England,Australia,BA Carse,AAP Atkinson,SM Boland,1,0,,,,,,,,,
1455611,2025/26,2025-11-21,Perth Stadium,3,29.5,England,Australia,AAP Atkinson,BA Carse,SM Boland,1,0,,,,,,,,,
1455611,2025/26,2025-11-21,Perth Stadium,3,29.6,England,Australia,BA Carse,AAP Atkinson,SM Boland,0,0,,,,,,,,,
1455611,2025/26,2025-11-21,Perth Stadium,3,30.1,England,Australia,AAP Atkinson,BA Carse,MA Starc,2,0,,,,,,,,,
1455611,2025/26,2025-11-21,Perth Stadium,3,30.2,England,Australia,AAP Atkinson,BA Carse,MA Starc,3,0,,,,,,,,,
1455611,2025/26,2025-11-21,Perth Stadium,3,30.3,England,Australia,BA Carse,AAP Atkinson,MA Starc,4,0,,,,,,,,,
1455611,2025/26,2025-11-21,Perth Stadium,3,30.4,England,Australia,BA Carse,AAP Atkinson,MA Starc,0,0,,,,,,,,,
1455611,2025/26,2025-11-21,Perth Stadium,3,30.5,England,Australia,BA Carse,AAP Atkinson,MA Starc,0,0,,,,,,,,,
1455611,2025/26,2025-11-21,Perth Stadium,3,30.6,England,Australia,BA Carse,AAP Atkinson,MA Starc,0,0,,,,,,,,,
1455611,2025/26,2025-11-21,Perth Stadium,3,31.1,England,Australia,AAP Atkinson,BA Carse,B Doggett,4,0,,,,,,,,,
1455611,2025/26,2025-11-21,Perth Stadium,3,31.2,England,Australia,AAP Atkinson,BA Carse,B Doggett,1,0,,,,,,,,,
1455611,2025/26,2025-11-21,Perth Stadium,3,31.3,England,Australia,BA Carse,AAP Atkinson,B Doggett,1,0,,,,,,,,,
1455611,2025/26,2025-11-21,Perth Stadium,3,31.4,England,Australia,AAP Atkinson,BA Carse,B Doggett,0,0,,,,,,,,,
1455611,2025/26,2025-11-21,Perth Stadium,3,31.5,England,Australia,AAP Atkinson,BA Carse,B Doggett,0,0,,,,,,,,,
1455611,2025/26,2025-11-21,Perth Stadium,3,31.6,England,Australia,AAP Atkinson,BA Carse,B Doggett,1,0,,,,,,,,,
1455611,2025/26,2025-11-21,Perth Stadium,3,32.1,England,Australia,AAP Atkinson,BA Carse,MA Starc,6,0,,,,,,,,,
1455611,2025/26,2025-11-21,Perth Stadium,3,32.2,England,Australia,AAP Atkinson,BA Carse,MA Starc,0,0,,,,,,,,,
1455611,2025/26,2025-11-21,Perth Stadium,3,32.3,England,Australia,AAP Atkinson,BA Carse,MA Starc,6,0,,,,,,,,,
1455611,2025/26,2025-11-21,Perth Stadium,3,32.4,England,Australia,AAP Atkinson,BA Carse,MA Starc,2,0,,,,,,,,,
1455611,2025/26,2025-11-21,Perth Stadium,3,32.5,England,Australia,AAP Atkinson,BA Carse,MA Starc,2,0,,,,,,,,,
1455611,2025/26,2025-11-21,Perth Stadium,3,32.6,England,Australia,AAP Atkinson,BA Carse,MA Starc,0,0,,,,,,,,,
1455611,2025/26,2025-11-21,Perth Stadium,3,33.1,England,Australia,BA Carse,AAP Atkinson,B Doggett,0,0,,,,,,caught,BA Carse,,
1455611,2025/26,2025-11-21,Perth Stadium,3,33.2,England,Australia,JC Archer,AAP Atkinson,B Doggett,1,0,,,,,,,,,
1455611,2025/26,2025-11-21,Perth Stadium,3,33.3,England,Australia,AAP Atkinson,JC Archer,B Doggett,1,0,,,,,,,,,
1455611,2025/26,2025-11-21,Perth Stadium,3,33.4,England,Australia,JC Archer,AAP Atkinson,B Doggett,4,0,,,,,,,,,
1455611,2025/26,2025-11-21,Perth Stadium,3,33.5,England,Australia,JC Archer,AAP Atkinson,B Doggett,0,0,,,,,,caught,JC Archer,,
1455611,2025/26,2025-11-21,Perth Stadium,3,33.6,England,Australia,MA Wood,AAP Atkinson,B Doggett,4,0,,,,,,,,,
1455611,2025/26,2025-11-21,Perth Stadium,3,34.1,England,Australia,AAP Atkinson,MA Wood,SM Boland,0,0,,,,,,,,,
1455611,2025/26,2025-11-21,Perth Stadium,3,34.2,England,Australia,AAP Atkinson,MA Wood,SM Boland,0,0,,,,,,,,,
1455611,2025/26,2025-11-21,Perth Stadium,3,34.3,England,Australia,AAP Atkinson,MA Wood,SM Boland,0,0,,,,,,,,,
1455611,2025/26,2025-11-21,Perth Stadium,3,34.4,England,Australia,AAP Atkinson,MA Wood,SM Boland,0,0,,,,,,caught,AAP Atkinson,,
1455611,2025/26,2025-11-21,Perth Stadium,4,0.1,Australia,England,TM Head,J Weatherald,JC Archer,0,0,,,,,,,,,
1455611,2025/26,2025-11-21,Perth Stadium,4,0.2,Australia,England,TM Head,J Weatherald,JC Archer,0,0,,,,,,,,,
1455611,2025/26,2025-11-21,Perth Stadium,4,0.3,Australia,England,TM Head,J Weatherald,JC Archer,0,0,,,,,,,,,
1455611,2025/26,2025-11-21,Perth Stadium,4,0.4,Australia,England,TM Head,J Weatherald,JC Archer,0,0,,,,,,,,,
1455611,2025/26,2025-11-21,Perth Stadium,4,0.5,Australia,England,TM Head,J Weatherald,JC Archer,0,0,,,,,,,,,
1455611,2025/26,2025-11-21,Perth Stadium,4,0.6,Australia,England,TM Head,J Weatherald,JC Archer,2,0,,,,,,,,,
1455611,2025/26,2025-11-21,Perth Stadium,4,1.1,Australia,England,J Weatherald,TM Head,AAP Atkinson,0,0,,,,,,,,,
1455611,2025/26,2025-11-21,Perth Stadium,4,1.2,Australia,England,J Weatherald,TM Head,AAP Atkinson,0,0,,,,,,,,,
1455611,2025/26,2025-11-21,Perth Stadium,4,1.3,Australia,England,J Weatherald,TM Head,AAP Atkinson,0,0,,,,,,,,,
1455611,2025/26,2025-11-21,Perth Stadium,4,1.4,Australia,England,J Weatherald,TM Head,AAP Atkinson,0,0,,,,,,,,,
1455611,2025/26,2025-11-21,Perth Stadium,4,1.5,Australia,England,J Weatherald,TM Head,AAP Atkinson,0,0,,,,,,,,,
1455611,2025/26,2025-11-21,Perth Stadium,4,1.6,Australia,England,J Weatherald,TM Head,AAP Atkinson,0,0,,,,,,,,,
1455611,2025/26,2025-11-21,Perth Stadium,4,2.1,Australia,England,TM Head,J Weatherald,JC Archer,0,0,,,,,,,,,
1455611,2025/26,2025-11-21,Perth Stadium,4,2.2,Australia,England,TM Head,J Weatherald,JC Archer,0,0,,,,,,,,,
1455611,2025/26,2025-11-21,Perth Stadium,4,2.3,Australia,England,TM Head,J Weatherald,JC Archer,1,0,,,,,,,,,
1455611,2025/26,2025-11-21,Perth Stadium,4,2.4,Australia,England,J Weatherald,TM Head,JC Archer,0,0,,,,,,,,,
1455611,2025/26,2025-11-21,Perth Stadium,4,2.5,Australia,England,J Weatherald,TM Head,JC Archer,0,0,,,,,,,,,
1455611,2025/26,2025-11-21,Perth Stadium,4,2.6,Australia,England,J Weatherald,TM Head,JC Archer,0,0,,,,,,,,,
1455611,2025/26,2025-11-21,Perth Stadium,4,3.1,Australia,England,TM Head,J Weatherald,AAP Atkinson,0,0,,,,,,,,,
1455611,2025/26,2025-11-21,Perth Stadium,4,3.2,Australia,England,TM Head,J Weatherald,AAP Atkinson,0,0,,,,,,,,,
1455611,2025/26,2025-11-21,Perth Stadium,4,3.3,Australia,England,TM Head,J Weatherald,AAP Atkinson,0,0,,,,,,,,,
1455611,2025/26,2025-11-21,Perth Stadium,4,3.4,Australia,England,TM Head,J Weatherald,AAP Atkinson,0,0,,,,,,,,,
1455611,2025/26,2025-11-21,Perth Stadium,4,3.5,Australia,England,TM Head,J Weatherald,AAP Atkinson,0,0,,,,,,,,,
1455611,2025/26,2025-11-21,Perth Stadium,4,3.6,Australia,England,TM Head,J Weatherald,AAP Atkinson,4,0,,,,,,,,,
1455611,2025/26,2025-11-21,Perth Stadium,4,4.1,Australia,England,J Weatherald,TM Head,JC Archer,0,0,,,,,,,,,
1455611,2025/26,2025-11-21,Perth Stadium,4,4.2,Australia,England,J Weatherald,TM Head,JC Archer,3,0,,,,,,,,,
1455611,2025/26,2025-11-21,Perth Stadium,4,4.3,Australia,England,TM Head,J Weatherald,JC Archer,1,0,,,,,,,,,
1455611,2025/26,2025-11-21,Perth Stadium,4,4.4,Australia,England,J Weatherald,TM Head,JC Archer,4,0,,,,,,,,,
1455611,2025/26,2025-11-21,Perth Stadium,4,4.5,Australia,England,J Weatherald,TM Head,JC Archer,0,0,,,,,,,,,
1455611,2025/26,2025-11-21,Perth Stadium,4,4.6,Australia,England,J Weatherald,TM Head,JC Archer,1,0,,,,,,,,,
1455611,2025/26,2025-11-21,Perth Stadium,4,5.1,Australia,England,J Weatherald,TM Head,AAP Atkinson,0,0,,,,,,,,,
1455611,2025/26,2025-11-21,Perth Stadium,4,5.2,Australia,England,J Weatherald,TM Head,AAP Atkinson,3,0,,,,,,,,,
1455611,2025/26,2025-11-21,Perth Stadium,4,5.3,Australia,England,TM Head,J Weatherald,AAP Atkinson,3,0,,,,,,,,,
1455611,2025/26,2025-11-21,Perth Stadium,4,5.4,Australia,England,J Weatherald,TM Head,AAP Atkinson,0,0,,,,,,,,,
1455611,2025/26,2025-11-21,Perth Stadium,4,5.5,Australia,England,J Weatherald,TM Head,AAP Atkinson,0,0,,,,,,,,,
1455611,2025/26,2025-11-21,Perth Stadium,4,5.6,Australia,England,J Weatherald,TM Head,AAP Atkinson,0,0,,,,,,,,,
1455611,2025/26,2025-11-21,Perth Stadium,4,6.1,Australia,England,TM Head,J Weatherald,JC Archer,0,0,,,,,,,,,
1455611,2025/26,2025-11-21,Perth Stadium,4,6.2,Australia,England,TM Head,J Weatherald,JC Archer,2,0,,,,,,,,,
1455611,2025/26,2025-11-21,Perth Stadium,4,6.3,Australia,England,TM Head,J Weatherald,JC Archer,3,0,,,,,,,,,
1455611,2025/26,2025-11-21,Perth Stadium,4,6.4,Australia,England,J Weatherald,TM Head,JC Archer,0,0,,,,,,,,,
1455611,2025/26,2025-11-21,Perth Stadium,4,6.5,Australia,England,J Weatherald,TM Head,JC Archer,0,0,,,,,,,,,
1455611,2025/26,2025-11-21,Perth Stadium,4,6.6,Australia,England,J Weatherald,TM Head,JC Archer,1,0,,,,,,,,,
1455611,2025/26,2025-11-21,Perth Stadium,4,7.1,Australia,England,J Weatherald,TM Head,BA Carse,1,0,,,,,,,,,
1455611,2025/26,2025-11-21,Perth Stadium,4,7.2,Australia,England,TM Head,J Weatherald,BA Carse,6,0,,,,,,,,,
1455611,2025/26,2025-11-21,Perth Stadium,4,7.3,Australia,England,TM Head,J Weatherald,BA Carse,0,0,,,,,,,,,
1455611,2025/26,2025-11-21,Perth Stadium,4,7.4,Australia,England,TM Head,J Weatherald,BA Carse,4,0,,,,,,,,,
1455611,2025/26,2025-11-21,Perth Stadium,4,7.5,Australia,England,TM Head,J Weatherald,BA Carse,0,0,,,,,,,,,
1455611,2025/26,2025-11-21,Perth Stadium,4,7.6,Australia,England,TM Head,J Weatherald,BA Carse,0,0,,,,,,,,,
1455611,2025/26,2025-11-21,Perth Stadium,4,8.1,Australia,England,J Weatherald,TM Head,MA Wood,0,0,,,,,,,,,
1455611,2025/26,2025-11-21,Perth Stadium,4,8.2,Australia,England,J Weatherald,TM Head,MA Wood,0,1,,,1,,,,,,
1455611,2025/26,2025-11-21,Perth Stadium,4,8.3,Australia,England,TM Head,J Weatherald,MA Wood,0,0,,,,,,,,,
1455611,2025/26,2025-11-21,Perth Stadium,4,8.4,Australia,England,TM Head,J Weatherald,MA Wood,3,0,,,,,,,,,
1455611,2025/26,2025-11-21,Perth Stadium,4,8.5,Australia,England,J Weatherald,TM Head,MA Wood,4,0,,,,,,,,,
1455611,2025/26,2025-11-21,Perth Stadium,4,8.6,Australia,England,J Weatherald,TM Head,MA Wood,0,0,,,,,,,,,
1455611,2025/26,2025-11-21,Perth Stadium,4,9.1,Australia,England,TM Head,J Weatherald,BA Carse,2,0,,,,,,,,,
1455611,2025/26,2025-11-21,Perth Stadium,4,9.2,Australia,England,TM Head,J Weatherald,BA Carse,0,0,,,,,,,,,
1455611,2025/26,2025-11-21,Perth Stadium,4,9.3,Australia,England,TM Head,J Weatherald,BA Carse,6,0,,,,,,,,,
1455611,2025/26,2025-11-21,Perth Stadium,4,9.4,Australia,England,TM Head,J Weatherald,BA Carse,1,0,,,,,,,,,
1455611,2025/26,2025-11-21,Perth Stadium,4,9.5,Australia,England,J Weatherald,TM Head,BA Carse,0,0,,,,,,,,,
1455611,2025/26,2025-11-21,Perth Stadium,4,9.6,Australia,England,J Weatherald,TM Head,BA Carse,0,1,1,,,,,,,,
1455611,2025/26,2025-11-21,Perth Stadium,4,9.7,Australia,England,J Weatherald,TM Head,BA Carse,1,0,,,,,,,,,
1455611,2025/26,2025-11-21,Perth Stadium,4,10.1,Australia,England,J Weatherald,TM Head,MA Wood,1,0,,,,,,,,,
1455611,2025/26,2025-11-21,Perth Stadium,4,10.2,Australia,England,TM Head,J Weatherald,MA Wood,0,0,,,,,,,,,
1455611,2025/26,2025-11-21,Perth Stadium,4,10.3,Australia,England,TM Head,J Weatherald,MA Wood,1,0,,,,,,,,,
1455611,2025/26,2025-11-21,Perth Stadium,4,10.4,Australia,England,J Weatherald,TM Head,MA Wood,0,1,,,,1,,,,,
1455611,2025/26,2025-11-21,Perth Stadium,4,10.5,Australia,England,TM Head,J Weatherald,MA Wood,6,0,,,,,,,,,
1455611,2025/26,2025-11-21,Perth Stadium,4,10.6,Australia,England,TM Head,J Weatherald,MA Wood,4,0,,,,,,,,,
1455611,2025/26,2025-11-21,Perth Stadium,4,11.1,Australia,England,J Weatherald,TM Head,BA Carse,4,0,,,,,,,,,
1455611,2025/26,2025-11-21,Perth Stadium,4,11.2,Australia,England,J Weatherald,TM Head,BA Carse,0,0,,,,,,,,,
1455611,2025/26,2025-11-21,Perth Stadium,4,11.3,Australia,England,J Weatherald,TM Head,BA Carse,0,0,,,,,,caught,J Weatherald,,
1455611,2025/26,2025-11-21,Perth Stadium,4,11.4,Australia,England,M Labuschagne,TM Head,BA Carse,0,0,,,,,,,,,
1455611,2025/26,2025-11-21,Perth Stadium,4,11.5,Australia,England,M Labuschagne,TM Head,BA Carse,0,0,,,,,,,,,
1455611,2025/26,2025-11-21,Perth Stadium,4,11.6,Australia,England,M Labuschagne,TM Head,BA Carse,0,0,,,,,,,,,
1455611,2025/26,2025-11-21,Perth Stadium,4,12.1,Australia,England,TM Head,M Labuschagne,MA Wood,1,0,,,,,,,,,
1455611,2025/26,2025-11-21,Perth Stadium,4,12.2,Australia,England,M Labuschagne,TM Head,MA Wood,0,0,,,,,,,,,
1455611,2025/26,2025-11-21,Perth Stadium,4,12.3,Australia,England,M Labuschagne,TM Head,MA Wood,2,0,,,,,,,,,
1455611,2025/26,2025-11-21,Perth Stadium,4,12.4,Australia,England,M Labuschagne,TM Head,MA Wood,0,0,,,,,,,,,
1455611,2025/26,2025-11-21,Perth Stadium,4,12.5,Australia,England,M Labuschagne,TM Head,MA Wood,1,0,,,,,,,,,
1455611,2025/26,2025-11-21,Perth Stadium,4,12.6,Australia,England,TM Head,M Labuschagne,MA Wood,0,0,,,,,,,,,
1455611,2025/26,2025-11-21,Perth Stadium,4,13.1,Australia,England,M Labuschagne,TM Head,BA Carse,0,0,,,,,,,,,
1455611,2025/26,2025-11-21,Perth Stadium,4,13.2,Australia,England,M Labuschagne,TM Head,BA Carse,0,0,,,,,,,,,
1455611,2025/26,2025-11-21,Perth Stadium,4,13.3,Australia,England,M Labuschagne,TM Head,BA Carse,4,0,,,,,,,,,
1455611,2025/26,2025-11-21,Perth Stadium,4,13.4,Australia,England,M Labuschagne,TM Head,BA Carse,0,0,,,,,,,,,
1455611,2025/26,2025-11-21,Perth Stadium,4,13.5,Australia,England,M Labuschagne,TM Head,BA Carse,3,0,,,,,,,,,
1455611,2025/26,2025-11-21,Perth Stadium,4,13.6,Australia,England,TM Head,M Labuschagne,BA Carse,0,0,,,,,,,,,
1455611,2025/26,2025-11-21,Perth Stadium,4,14.1,Australia,England,M Labuschagne,TM Head,BA Stokes,0,0,,,,,,,,,
1455611,2025/26,2025-11-21,Perth Stadium,4,14.2,Australia,England,M Labuschagne,TM Head,BA Stokes,1,0,,,,,,,,,
1455611,2025/26,2025-11-21,Perth Stadium,4,14.3,Australia,England,TM Head,M Labuschagne,BA Stokes,0,0,,,,,,,,,
1455611,2025/26,2025-11-21,Perth Stadium,4,14.4,Australia,England,TM Head,M Labuschagne,BA Stokes,0,0,,,,,,,,,
1455611,2025/26,2025-11-21,Perth Stadium,4,14.5,Australia,England,TM Head,M Labuschagne,BA Stokes,0,0,,,,,,,,,
1455611,2025/26,2025-11-21,Perth Stadium,4,14.6,Australia,England,TM Head,M Labuschagne,BA Stokes,0,0,,,,,,,,,
1455611,2025/26,2025-11-21,Perth Stadium,4,15.1,Australia,England,M Labuschagne,TM Head,AAP Atkinson,1,0,,,,,,,,,
1455611,2025/26,2025-11-21,Perth Stadium,4,15.2,Australia,England,TM Head,M Labuschagne,AAP Atkinson,0,0,,,,,,,,,
1455611,2025/26,2025-11-21,Perth Stadium,4,15.3,Australia,England,TM Head,M Labuschagne,AAP Atkinson,1,0,,,,,,,,,
1455611,2025/26,2025-11-21,Perth Stadium,4,15.4,Australia,England,M Labuschagne,TM Head,AAP Atkinson,0,0,,,,,,,,,
1455611,2025/26,2025-11-21,Perth Stadium,4,15.5,Australia,England,M Labuschagne,TM Head,AAP Atkinson,0,0,,,,,,,,,
1455611,2025/26,2025-11-21,Perth Stadium,4,15.6,Australia,England,M Labuschagne,TM Head,AAP Atkinson,0,0,,,,,,,,,
1455611,2025/26,2025-11-21,Perth Stadium,4,16.1,Australia,England,TM Head,M Labuschagne,BA Stokes,4,0,,,,,,,,,
1455611,2025/26,2025-11-21,Perth Stadium,4,16.2,Australia,England,TM Head,M Labuschagne,BA Stokes,4,0,,,,,,,,,
1455611,2025/26,2025-11-21,Perth Stadium,4,16.3,Australia,England,TM Head,M Labuschagne,BA Stokes,4,0,,,,,,,,,
1455611,2025/26,2025-11-21,Perth Stadium,4,16.4,Australia,England,TM Head,M Labuschagne,BA Stokes,0,0,,,,,,,,,
1455611,2025/26,2025-11-21,Perth Stadium,4,16.5,Australia,England,TM Head,M Labuschagne,BA Stokes,4,0,,,,,,,,,
1455611,2025/26,2025-11-21,Perth Stadium,4,16.6,Australia,England,TM Head,M Labuschagne,BA Stokes,1,0,,,,,,,,,
1455611,2025/26,2025-11-21,Perth Stadium,4,17.1,Australia,England,TM Head,M Labuschagne,AAP Atkinson,0,0,,,,,,,,,
1455611,2025/26,2025-11-21,Perth Stadium,4,17.2,Australia,England,TM Head,M Labuschagne,AAP Atkinson,0,0,,,,,,,,,
1455611,2025/26,2025-11-21,Perth Stadium,4,17.3,Australia,England,TM Head,M Labuschagne,AAP Atkinson,0,0,,,,,,,,,
1455611,2025/26,2025-11-21,Perth Stadium,4,17.4,Australia,England,TM Head,M Labuschagne,AAP Atkinson,4,0,,,,,,,,,
1455611,2025/26,2025-11-21,Perth Stadium,4,17.5,Australia,England,TM Head,M Labuschagne,AAP Atkinson,1,0,,,,,,,,,
1455611,2025/26,2025-11-21,Perth Stadium,4,17.6,Australia,England,M Labuschagne,TM Head,AAP Atkinson,0,0,,,,,,,,,
1455611,2025/26,2025-11-21,Perth Stadium,4,18.1,Australia,England,TM Head,M Labuschagne,JC Archer,1,0,,,,,,,,,
1455611,2025/26,2025-11-21,Perth Stadium,4,18.2,Australia,England,M Labuschagne,TM Head,JC Archer,4,0,,,,,,,,,
1455611,2025/26,2025-11-21,Perth Stadium,4,18.3,Australia,England,M Labuschagne,TM Head,JC Archer,1,0,,,,,,,,,
1455611,2025/26,2025-11-21,Perth Stadium,4,18.4,Australia,England,TM Head,M Labuschagne,JC Archer,0,0,,,,,,,,,
1455611,2025/26,2025-11-21,Perth Stadium,4,18.5,Australia,England,TM Head,M Labuschagne,JC Archer,4,0,,,,,,,,,
1455611,2025/26,2025-11-21,Perth Stadium,4,18.6,Australia,England,TM Head,M Labuschagne,JC Archer,6,0,,,,,,,,,
1455611,2025/26,2025-11-21,Perth Stadium,4,19.1,Australia,England,M Labuschagne,TM Head,AAP Atkinson,0,0,,,,,,,,,
1455611,2025/26,2025-11-21,Perth Stadium,4,19.2,Australia,England,M Labuschagne,TM Head,AAP Atkinson,1,0,,,,,,,,,
1455611,2025/26,2025-11-21,Perth Stadium,4,19.3,Australia,England,TM Head,M Labuschagne,AAP Atkinson,4,0,,,,,,,,,
1455611,2025/26,2025-11-21,Perth Stadium,4,19.4,Australia,England,TM Head,M Labuschagne,AAP Atkinson,4,0,,,,,,,,,
1455611,2025/26,2025-11-21,Perth Stadium,4,19.5,Australia,England,TM Head,M Labuschagne,AAP Atkinson,0,0,,,,,,,,,
1455611,2025/26,2025-11-21,Perth Stadium,4,19.6,Australia,England,TM Head,M Labuschagne,AAP Atkinson,0,0,,,,,,,,,
1455611,2025/26,2025-11-21,Perth Stadium,4,20.1,Australia,England,M Labuschagne,TM Head,JC Archer,0,0,,,,,,,,,
1455611,2025/26,2025-11-21,Perth Stadium,4,20.2,Australia,England,M Labuschagne,TM Head,JC Archer,1,0,,,,,,,,,
1455611,2025/26,2025-11-21,Perth Stadium,4,20.3,Australia,England,TM Head,M Labuschagne,JC Archer,0,0,,,,,,,,,
1455611,2025/26,2025-11-21,Perth Stadium,4,20.4,Australia,England,TM Head,M Labuschagne,JC Archer,0,0,,,,,,,,,
1455611,2025/26,2025-11-21,Perth Stadium,4,20.5,Australia,England,TM Head,M Labuschagne,JC Archer,1,0,,,,,,,,,
1455611,2025/26,2025-11-21,Perth Stadium,4,20.6,Australia,England,M Labuschagne,TM Head,JC Archer,0,0,,,,,,,,,
1455611,2025/26,2025-11-21,Perth Stadium,4,21.1,Australia,England,TM Head,M Labuschagne,AAP Atkinson,2,0,,,,,,,,,
1455611,2025/26,2025-11-21,Perth Stadium,4,21.2,Australia,England,TM Head,M Labuschagne,AAP Atkinson,0,1,1,,,,,,,,
1455611,2025/26,2025-11-21,Perth Stadium,4,21.3,Australia,England,TM Head,M Labuschagne,AAP Atkinson,4,0,,,,,,,,,
1455611,2025/26,2025-11-21,Perth Stadium,4,21.4,Australia,England,TM Head,M Labuschagne,AAP Atkinson,1,0,,,,,,,,,
1455611,2025/26,2025-11-21,Perth Stadium,4,21.5,Australia,England,M Labuschagne,TM Head,AAP Atkinson,0,0,,,,,,,,,
1455611,2025/26,2025-11-21,Perth Stadium,4,21.6,Australia,England,M Labuschagne,TM Head,AAP Atkinson,0,0,,,,,,,,,
1455611,2025/26,2025-11-21,Perth Stadium,4,21.7,Australia,England,M Labuschagne,TM Head,AAP Atkinson,1,0,,,,,,,,,
1455611,2025/26,2025-11-21,Perth Stadium,4,22.1,Australia,England,M Labuschagne,TM Head,JC Archer,0,0,,,,,,,,,
1455611,2025/26,2025-11-21,Perth Stadium,4,22.2,Australia,England,M Labuschagne,TM Head,JC Archer,4,0,,,,,,,,,
1455611,2025/26,2025-11-21,Perth Stadium,4,22.3,Australia,England,M Labuschagne,TM Head,JC Archer,0,0,,,,,,,,,
1455611,2025/26,2025-11-21,Perth Stadium,4,22.4,Australia,England,M Labuschagne,TM Head,JC Archer,1,0,,,,,,,,,
1455611,2025/26,2025-11-21,Perth Stadium,4,22.5,Australia,England,TM Head,M Labuschagne,JC Archer,1,0,,,,,,,,,
1455611,2025/26,2025-11-21,Perth Stadium,4,22.6,Australia,England,M Labuschagne,TM Head,JC Archer,1,0,,,,,,,,,
1455611,2025/26,2025-11-21,Perth Stadium,4,23.1,Australia,England,M Labuschagne,TM Head,AAP Atkinson,2,0,,,,,,,,,
1455611,2025/26,2025-11-21,Perth Stadium,4,23.2,Australia,England,M Labuschagne,TM Head,AAP Atkinson,1,0,,,,,,,,,
1455611,2025/26,2025-11-21,Perth Stadium,4,23.3,Australia,England,TM Head,M Labuschagne,AAP Atkinson,1,0,,,,,,,,,
1455611,2025/26,2025-11-21,Perth Stadium,4,23.4,Australia,England,M Labuschagne,TM Head,AAP Atkinson,1,0,,,,,,,,,
1455611,2025/26,2025-11-21,Perth Stadium,4,23.5,Australia,England,TM Head,M Labuschagne,AAP Atkinson,0,0,,,,,,,,,
1455611,2025/26,2025-11-21,Perth Stadium,4,23.6,Australia,England,TM Head,M Labuschagne,AAP Atkinson,1,0,,,,,,,,,
1455611,2025/26,2025-11-21,Perth Stadium,4,24.1,Australia,England,TM Head,M Labuschagne,JC Archer,0,0,,,,,,,,,
1455611,2025/26,2025-11-21,Perth Stadium,4,24.2,Australia,England,TM Head,M Labuschagne,JC Archer,1,0,,,,,,,,,
1455611,2025/26,2025-11-21,Perth Stadium,4,24.3,Australia,England,M Labuschagne,TM Head,JC Archer,0,0,,,,,,,,,
1455611,2025/26,2025-11-21,Perth Stadium,4,24.4,Australia,England,M Labuschagne,TM Head,JC Archer,0,0,,,,,,,,,
1455611,2025/26,2025-11-21,Perth Stadium,4,24.5,Australia,England,M Labuschagne,TM Head,JC Archer,0,0,,,,,,,,,
1455611,2025/26,2025-11-21,Perth Stadium,4,24.6,Australia,England,M Labuschagne,TM Head,JC Archer,1,0,,,,,,,,,
1455611,2025/26,2025-11-21,Perth Stadium,4,25.1,Australia,England,M Labuschagne,TM Head,AAP Atkinson,4,0,,,,,,,,,
1455611,2025/26,2025-11-21,Perth Stadium,4,25.2,Australia,England,M Labuschagne,TM Head,AAP Atkinson,1,0,,,,,,,,,
1455611,2025/26,2025-11-21,Perth Stadium,4,25.3,Australia,England,TM Head,M Labuschagne,AAP Atkinson,0,1,1,,,,,,,,
1455611,2025/26,2025-11-21,Perth Stadium,4,25.4,Australia,England,TM Head,M Labuschagne,AAP Atkinson,4,0,,,,,,,,,
1455611,2025/26,2025-11-21,Perth Stadium,4,25.5,Australia,England,TM Head,M Labuschagne,AAP Atkinson,4,0,,,,,,,,,
1455611,2025/26,2025-11-21,Perth Stadium,4,25.6,Australia,England,TM Head,M Labuschagne,AAP Atkinson,0,1,1,,,,,,,,
1455611,2025/26,2025-11-21,Perth Stadium,4,25.7,Australia,England,TM Head,M Labuschagne,AAP Atkinson,1,0,,,,,,,,,
1455611,2025/26,2025-11-21,Perth Stadium,4,25.8,Australia,England,M Labuschagne,TM Head,AAP Atkinson,4,0,,,,,,,,,
1455611,2025/26,2025-11-21,Perth Stadium,4,26.1,Australia,England,TM Head,M Labuschagne,BA Carse,0,0,,,,,,,,,
1455611,2025/26,2025-11-21,Perth Stadium,4,26.2,Australia,England,TM Head,M Labuschagne,BA Carse,4,0,,,,,,,,,
1455611,2025/26,2025-11-21,Perth Stadium,4,26.3,Australia,England,TM Head,M Labuschagne,BA Carse,2,0,,,,,,,,,
1455611,2025/26,2025-11-21,Perth Stadium,4,26.4,Australia,England,TM Head,M Labuschagne,BA Carse,4,0,,,,,,,,,
1455611,2025/26,2025-11-21,Perth Stadium,4,26.5,Australia,England,TM Head,M Labuschagne,BA Carse,0,0,,,,,,caught,TM Head,,
1455611,2025/26,2025-11-21,Perth Stadium,4,26.6,Australia,England,SPD Smith,M Labuschagne,BA Carse,0,0,,,,,,,,,
1455611,2025/26,2025-11-21,Perth Stadium,4,27.1,Australia,England,M Labuschagne,SPD Smith,JE Root,0,0,,,,,,,,,
1455611,2025/26,2025-11-21,Perth Stadium,4,27.2,Australia,England,M Labuschagne,SPD Smith,JE Root,1,0,,,,,,,,,
1455611,2025/26,2025-11-21,Perth Stadium,4,27.3,Australia,England,SPD Smith,M Labuschagne,JE Root,1,0,,,,,,,,,
1455611,2025/26,2025-11-21,Perth Stadium,4,27.4,Australia,England,M Labuschagne,SPD Smith,JE Root,4,0,,,,,,,,,
1455611,2025/26,2025-11-21,Perth Stadium,4,27.5,Australia,England,M Labuschagne,SPD Smith,JE Root,0,0,,,,,,,,,
1455611,2025/26,2025-11-21,Perth Stadium,4,27.6,Australia,England,M Labuschagne,SPD Smith,JE Root,6,0,,,,,,,,,
1455611,2025/26,2025-11-21,Perth Stadium,4,28.1,Australia,England,SPD Smith,M Labuschagne,BA Carse,0,0,,,,,,,,,
1455611,2025/26,2025-11-21,Perth Stadium,4,28.2,Australia,England,SPD Smith,M Labuschagne,BA Carse,1,0,,,,,,,,,
